repo_id,language,bytes
1231148626,C,2641008
1231148626,Objective-C,690905
1231148626,Cuda,469752
1231148626,Metal,329571
1231148626,Python,169982
1231148626,Makefile,8655
1231148626,C++,6173
1231148626,Shell,5702
1230751102,Rust,1037191
1230751102,JavaScript,335672
1230751102,TypeScript,170175
1230751102,CSS,38134
1230751102,NSIS,3476
1230751102,Shell,3220
1230751102,HTML,309
1235834494,C++,46169669
1235834494,C,5548348
1235834494,JavaScript,2221016
1235834494,HTML,955005
1235834494,CMake,405388
1235834494,Shell,121111
1235834494,Python,110068
1235834494,CSS,99093
1235834494,GLSL,68275
1235834494,Objective-C++,49342
1235834494,Roff,42517
1235834494,Less,32442
1235834494,SCSS,32276
1235834494,PowerShell,28145
1235834494,QMake,25187
1235834494,Makefile,18781
1235834494,Batchfile,16922
1235834494,TypeScript,14582
1235834494,Meson,14283
1235834494,Svelte,13590
1235834494,Dockerfile,2698
1235834494,Objective-C,1170
1235834494,G-code,803
1235834494,BitBake,716
1235403234,HTML,1082818
1235403234,TypeScript,676085
1235403234,CSS,6049
1235403234,JavaScript,94
1232237440,C,67803
1226286910,Swift,1060657
1226286910,Nunjucks,220872
1226286910,C,133209
1226286910,Shell,43831
1226286910,HTML,8739
1226286910,JavaScript,6288
1226286910,CSS,3099
1239996076,C,2742655
1239996076,JavaScript,670784
1239996076,TypeScript,140765
1239996076,Shell,88309
1239996076,C++,81265
1239996076,Makefile,1440
1233290067,Zig,739400
1233290067,Objective-C,89583
1233290067,Objective-C++,87735
1233290067,C,72251
1233290067,C++,42308
1233290067,JavaScript,16411
1233290067,Shell,5029
1224571990,Python,732
1244911834,Go,396713
1224854794,TypeScript,1740426
1224854794,PLpgSQL,13074
1224854794,CSS,12188
1224854794,JavaScript,2908
1224469725,Python,173662
1237031497,TypeScript,520318
1237031497,CSS,67479
1237031497,JavaScript,4402
1237031497,Dockerfile,639
1243496690,JavaScript,4758937
1243496690,HTML,135860
1243496690,CSS,73632
1243496690,Python,71626
1243496690,Batchfile,5107
1243496690,Shell,385
1243496690,Dockerfile,344
1229729956,Python,64045
1229729956,Shell,42736
1225774688,TypeScript,1384970
1225774688,JavaScript,7472
1225774688,Shell,990
1231135337,TypeScript,10367549
1231135337,Python,7737307
1231135337,JavaScript,11044
1231135337,Shell,5791
1227102698,TypeScript,2759259
1227102698,Zig,193460
1227102698,JavaScript,57030
1227102698,CSS,19653
1227102698,Rust,16323
1227102698,HTML,7102
1227102698,Shell,4580
1244095591,Shell,1360
1232669890,Python,723259
1232669890,HTML,168240
1232669890,Shell,5773
1224172037,Rust,1780024
1224172037,Vue,1432559
1224172037,TypeScript,1426218
1224172037,Java,40251
1224172037,NSIS,31810
1224172037,JavaScript,28280
1224172037,CSS,7438
1224172037,Dockerfile,3646
1224172037,Shell,1586
1224172037,HTML,703
1224172037,Batchfile,468
1234550622,JavaScript,344593
1234550622,CSS,114373
1234550622,HTML,367
1230925393,Python,39279
1226123343,Python,27239
1229531271,HTML,1612631
1229531271,JavaScript,353600
1228312499,Jupyter Notebook,123072
1228312499,Python,15698
1231170332,Python,8664140
1231170332,JavaScript,577461
1231170332,CSS,284994
1231170332,PowerShell,34399
1231170332,Shell,25193
1231170332,Jinja,14440
1231170332,HTML,6398
1231170332,Dockerfile,3755
1231170332,Ruby,2439
1238391754,Python,128481
1228306162,JavaScript,21665
1228306162,PowerShell,10753
1228306162,Shell,10204
1241257629,HTML,74152
1226379024,TypeScript,4814
1245402600,Python,151058
1245402600,JavaScript,15953
1245402600,CSS,10737
1245402600,HTML,8827
1245402600,Batchfile,152
1229284184,Python,120640
1229284184,Shell,6656
1246399437,TypeScript,4201807
1246399437,JavaScript,1380852
1246399437,Python,230776
1246399437,HTML,72170
1246399437,Shell,69029
1246399437,CSS,60943
1246399437,Dockerfile,3372
1225178950,Python,29310
1225178950,PowerShell,15682
1225178950,JavaScript,13197
1225178950,Shell,8916
1231291764,TypeScript,2315738
1231291764,CSS,185963
1231291764,HTML,23753
1231291764,JavaScript,18335
1231291764,Shell,2175
1231291764,Dockerfile,435
1246625636,JavaScript,7479601
1246625636,Shell,108052
1246625636,TypeScript,491
1226182842,Python,146377
1226182842,HTML,53617
1226182842,Shell,5630
1242107382,JavaScript,1054086
1242107382,MAXScript,301804
1242107382,TypeScript,146286
1242107382,PowerShell,4423
1242107382,Shell,3366
1234746825,Python,1069023
1234746825,HTML,59911
1234746825,Shell,140
1235122687,C,1814821
1235122687,C++,95220
1235122687,Shell,19600
1235122687,JavaScript,13096
1235122687,Python,10585
1225834084,C#,896177
1225834084,Shell,300624
1241325722,Python,389900
1241325722,PowerShell,6765
1241325722,Shell,4711
1228122765,Python,84524
1228122765,Dockerfile,471
1246459259,TypeScript,6805781
1246459259,JavaScript,149115
1246459259,Nix,10599
1246459259,CSS,7022
1246459259,Shell,5228
1246459259,HTML,1445
1246459259,Makefile,693
1239918790,Rust,8911463
1239918790,Shell,65857
1239918790,Python,15628
1239918790,Roff,4486
1229774092,Python,44635
1229774092,Shell,15055
1230933500,Python,6330615
1230933500,C++,680271
1230933500,Shell,26047
1230933500,CMake,4489
1230933500,Dockerfile,588
1245361579,JavaScript,35428
1245361579,HTML,17711
1245361579,CSS,12331
1245361579,Batchfile,462
1224974361,TypeScript,661968
1224974361,Objective-C,146546
1224974361,Swift,90111
1224974361,JavaScript,68598
1224974361,Shell,5114
1224974361,C,2193
1224974361,CSS,1233
1227136277,Python,40920
1225005463,Python,700566
1225005463,Shell,14100
1226205410,TypeScript,586886
1226205410,CSS,11117
1226205410,JavaScript,221
1236577034,Python,135790
1236577034,JavaScript,12995
1236577034,Shell,1971
1236577034,Batchfile,1070
1236577034,PureBasic,234
1237338198,Python,424688
1237338198,Shell,1033
1232712502,TypeScript,2665356
1232712502,MDX,330071
1232712502,CSS,5205
1232712502,JavaScript,1312
1226971975,Python,8330362
1226971975,TypeScript,3148256
1226971975,Go,536922
1226971975,PLpgSQL,183707
1226971975,Shell,129251
1226971975,HCL,84499
1226971975,PowerShell,66937
1226971975,MDX,62963
1226971975,JavaScript,34206
1226971975,Dockerfile,24972
1226971975,CSS,17587
1226971975,Go Template,15765
1226971975,HTML,5353
1226971975,Makefile,1804
1251263546,HTML,58833
1251263546,JavaScript,21455
1239459771,Python,791217
1239459771,Shell,26411
1226304875,Swift,731068
1226304875,JavaScript,245340
1226304875,HTML,64515
1226304875,Objective-C,33380
1226304875,CSS,28866
1226304875,Shell,6540
1226304875,Makefile,111
1233082731,JavaScript,13264
1232599710,TypeScript,1385186
1232599710,Python,768046
1232599710,JavaScript,28199
1232599710,CSS,19647
1232599710,Shell,7643
1232599710,Dockerfile,4346
1232599710,HTML,1790
1232599710,Mako,1020
1237004640,Rust,483625
1237004640,Just,1723
1228687488,Python,655482
1228687488,JavaScript,21321
1228687488,HTML,706
1229168545,TypeScript,1122497
1229168545,JavaScript,168854
1229168545,CSS,29793
1229168545,HTML,602
1235832354,Rust,475466
1235832354,Python,191464
1235832354,Shell,137211
1235832354,TypeScript,20124
1235832354,Dockerfile,1681
1231273245,Swift,145181
1231273245,Shell,14624
1225722703,Python,1177318
1225722703,TypeScript,907641
1225722703,CSS,5785
1225722703,Dockerfile,1744
1225722703,Mako,617
1225722703,JavaScript,559
1225722703,Shell,217
1241990700,Python,121252
1241990700,Dockerfile,1951
1227833365,JavaScript,2721
1239825019,Python,12166
1239825019,JavaScript,1302
1242316635,Python,36912
1242316635,Shell,266
1242316635,Batchfile,261
1242316635,Dockerfile,226
1229921686,TypeScript,617520
1229921686,Python,231486
1229921686,CSS,29650
1229921686,Shell,18507
1229921686,HTML,651
1234545421,TypeScript,70624
1234545421,CSS,25227
1234545421,JavaScript,8000
1234545421,HTML,311
1225136025,HTML,93936
1225136025,Shell,69972
1225136025,Batchfile,57155
1225136025,JavaScript,57014
1225136025,PowerShell,18246
1237138183,Python,7723
1237138183,Shell,619
1235082631,Python,2552505
1235082631,JavaScript,1471926
1235082631,HTML,427948
1235082631,CSS,339179
1235082631,Shell,3447
1235082631,Batchfile,2461
1226068984,TypeScript,1175725
1226068984,Shell,55513
1226068984,JavaScript,35382
1226068984,CSS,8881
1226068984,HTML,602
1235672138,Python,159304
1238424658,JavaScript,193311
1238424658,CSS,22737
1238424658,Python,5004
1238424658,HTML,4181
1247201816,Vue,21312
1247201816,TypeScript,13612
1247201816,CSS,536
1224739912,PHP,645073
1224739912,TypeScript,252281
1224739912,CSS,99113
1224739912,Blade,1317
1224739912,HTML,689
1224739912,JavaScript,591
1224739912,Shell,66
1227325025,Go,786994
1227325025,Kotlin,124183
1227325025,Rust,83193
1227325025,Python,57705
1227325025,TypeScript,50977
1227325025,Shell,37178
1227325025,CSS,21313
1227325025,Makefile,2163
1227325025,HTML,349
1227325025,Dockerfile,190
1236044976,HTML,566806
1236044976,CSS,347065
1236044976,Shell,140705
1236044976,JavaScript,93465
1234380117,Kotlin,1124743
1234380117,Makefile,3583
1234380117,Java,812
1234380117,Shell,724
1237239472,TypeScript,30183378
1237239472,Shell,27132
1237239472,JavaScript,2797
1237174940,Python,506374
1237174940,Dockerfile,530
1234968036,HTML,2847892
1234968036,JavaScript,228330
1234968036,Python,43717
1234968036,Shell,4822
1234968036,CSS,4774
1240673690,Python,195648
1240673690,Shell,1371
1242967652,TypeScript,791068
1242967652,Go,90746
1242967652,CSS,13742
1242967652,Dockerfile,1323
1242967652,JavaScript,102
1239159840,TypeScript,349483
1239159840,JavaScript,45
1246440630,Python,197952
1246440630,Shell,915
1230057134,Python,436194
1230057134,Shell,25710
1225527289,Python,25223
1225527289,PowerShell,8238
1231881320,Rust,363864
1231881320,Shell,12233
1231881320,Makefile,8229
1231881320,Fluent,7952
1231881320,Swift,7275
1231881320,CSS,3701
1226654232,Python,80838
1245355924,Rust,1219306
1245355924,TypeScript,753103
1245355924,CSS,137929
1245355924,Python,20114
1245355924,Shell,9854
1245355924,Batchfile,648
1245355924,PowerShell,498
1245355924,HTML,379
1228153091,Kotlin,4550502
1228153091,Rust,64809
1228153091,C,17701
1228153091,HTML,16897
1228153091,Shell,13210
1228153091,AIDL,12518
1228153091,TypeScript,11729
1228153091,Java,11389
1228153091,Python,2890
1228153091,JavaScript,294
1239244570,Python,872675
1239244570,TypeScript,29739
1239244570,JavaScript,22576
1233823641,TypeScript,30362932
1233823641,JavaScript,50801
1233823641,PowerShell,979
1233823641,Batchfile,79
1232777383,HTML,18262
1232777383,Python,1929
1230175709,Python,14639
1238100572,TypeScript,932126
1238100572,JavaScript,272656
1228880861,Python,1074719
1228880861,Shell,12760
1228880861,Batchfile,11800
1225462729,Python,1780510
1225462729,HTML,832060
1225462729,JavaScript,278470
1225462729,PowerShell,8033
1225462729,Shell,5021
1225462729,CSS,727
1244564263,TypeScript,2053029
1244564263,CSS,104506
1244564263,JavaScript,33394
1244564263,HTML,33070
1224997422,C#,2258614
1224997422,Common Lisp,1159656
1224997422,Makefile,28439
1227157109,JavaScript,3784
1244391958,Python,26939
1244391958,Shell,311
1234495091,Go,718364
1234495091,TypeScript,239065
1234495091,CSS,145554
1234495091,Python,34419
1234495091,Shell,34367
1234495091,HTML,1459
1247242073,Python,91203
1238455882,Rust,42309
1238455882,TypeScript,35364
1238455882,CSS,23658
1238455882,JavaScript,3496
1238455882,HTML,294
1234870827,TypeScript,164326
1234870827,JavaScript,812
1234870827,CSS,386
1234870827,HTML,186
1241855419,Rust,310541
1241855419,RenderScript,1
1238128727,Batchfile,7370
1246330857,Python,14784
1248216427,TypeScript,1022764
1248216427,Vue,661757
1248216427,JavaScript,54596
1248216427,CSS,30281
1248216427,NSIS,486
1248216427,HTML,473
1236319803,Go,196993
1230675195,Python,3595490
1230675195,TypeScript,68911
1230675195,Shell,55860
1230675195,JavaScript,8773
1229611866,Python,216622
1229611866,Shell,12119
1229611866,Dockerfile,713
1226251409,Python,457488
1226251409,Dockerfile,13624
1229563695,Lua,1400818
1234177006,Swift,54275
1234177006,Shell,5875
1237346118,TypeScript,355504
1237346118,CSS,378
1237346118,JavaScript,275
1228804035,Python,51475
1229310351,Rust,3443021
1229310351,HTML,1649231
1229310351,Python,962084
1229310351,JavaScript,611771
1229310351,CSS,202258
1229310351,MDX,13302
1229310351,Shell,12787
1229310351,Go,1835
1229310351,TypeScript,1614
1229310351,Dockerfile,1540
1226085740,JavaScript,829439
1226085740,HTML,468
1238875505,C#,99902
1239906475,Shell,2166
1239906475,Dockerfile,606
1236415557,Dart,6461083
1236415557,TypeScript,282172
1236415557,Kotlin,51428
1236415557,Python,42271
1236415557,CSS,23564
1236415557,JavaScript,8674
1236415557,PowerShell,1546
1236415557,HTML,1132
1236415557,Shell,669
1227974892,Go,1651066
1227974892,HTML,252721
1227974892,Go Template,8470
1227974892,Python,1967
1227974892,PowerShell,1358
1243141639,Python,116723
1243141639,HTML,42097
1239645385,Python,22979
1246595519,Python,308837
1246595519,Batchfile,891
1248421750,JavaScript,214637
1248421750,CSS,35665
1248421750,Python,22814
1248421750,HTML,3025
1248421750,Dockerfile,1643
1248421750,Shell,844
1230987546,Rust,44818
1230987546,HTML,37254
1229374702,Python,280947
1229374702,Makefile,10847
1229374702,Shell,4360
1224215854,C,44989209
1224215854,Swift,307155
1224215854,C++,116370
1224215854,Tree-sitter Query,16300
1224215854,Makefile,16188
1224215854,Shell,3686
1224538931,Kotlin,2562288
1224538931,Python,54976
1224538931,Java,786
1225948207,Python,1350715
1225948207,Shell,8186
1237893567,TypeScript,8662
1237893567,JavaScript,591
1233547157,Python,965292
1233547157,TypeScript,610313
1233547157,Rust,589596
1233547157,Shell,1790
1233547157,JavaScript,598
1233605506,Python,469741
1233605506,JavaScript,63063
1233605506,HTML,50565
1233605506,Shell,9370
1235700408,TypeScript,105439
1235700408,Shell,1433
1235700408,Dockerfile,810
1225904506,Rust,644884
1225904506,TypeScript,64283
1225904506,JavaScript,11659
1225904506,Shell,6546
1225904506,Python,4844
1225904506,CSS,4555
1225904506,PowerShell,2106
1225904506,Dockerfile,1422
1240013465,TypeScript,37261
1240013465,JavaScript,18772
1228719920,Python,7009
1228719920,Shell,2454
1224267893,TypeScript,177512
1224267893,JavaScript,19930
1224267893,CSS,5159
1224920250,C++,950414
1224920250,Shell,2640
1224920250,Ruby,1943
1224920250,CMake,1562
1224920250,C,236
1251186402,Python,29256
1251112542,Python,117611
1228737598,C,2796488
1228737598,Shell,202049
1228737598,Makefile,40057
1228737598,Assembly,35138
1228737598,Python,13454
1228737598,Linker Script,714
1236317607,HTML,388800
1224949115,C,289251
1224949115,Makefile,1362
1231014650,JavaScript,50113
1244604931,C,75591
1244604931,Batchfile,586
1249403034,Python,36379
1235979359,TypeScript,91791
1235979359,CSS,1051
1231277516,PHP,162124
1252258448,TypeScript,32998
1252258448,JavaScript,2811
1231458929,C++,28373
1231458929,C,9234
1231458929,CMake,3536
1245977213,Python,26267
1245977213,Shell,18009
1245977213,PowerShell,13130
1245745639,JavaScript,38019
1245745639,CSS,9434
1245745639,HTML,3086
1225520006,TypeScript,3719
1229345907,TypeScript,136579
1229345907,CSS,5489
1229345907,JavaScript,289
1241258726,JavaScript,144894
1241258726,Shell,33774
1241258726,Go,27316
1241258726,Dockerfile,3494
1226570734,HTML,27940
1226570734,Python,10392
1251917483,TypeScript,389850
1251917483,CSS,11617
1251917483,HTML,791
1244557522,TypeScript,39751
1244557522,CSS,20477
1244557522,JavaScript,3684
1237925337,TypeScript,753821
1237925337,Astro,127299
1237925337,JavaScript,72094
1237925337,MDX,47146
1237925337,CSS,25414
1237925337,Swift,11846
1237925337,C#,9465
1237925337,PowerShell,1838
1237925337,Shell,1658
1237925337,VBScript,547
1241743752,TypeScript,1752462
1241743752,CSS,226927
1241743752,JavaScript,35714
1241743752,HTML,368
1226135979,Python,98593
1226135979,JavaScript,13544
1226135979,CSS,5665
1226135979,Shell,3827
1226135979,HTML,3823
1228403547,TypeScript,18819
1228403547,JavaScript,956
1241360977,Python,178907
1241360977,TypeScript,150889
1241360977,CSS,16405
1241360977,Shell,3787
1241360977,Dockerfile,1630
1241360977,HTML,312
1238548469,Python,471625
1238548469,Shell,19247
1239423873,Python,231156
1225813560,Makefile,3069
1244549017,TypeScript,199161
1244549017,JavaScript,2156
1244549017,Dockerfile,1044
1229438606,TypeScript,520625
1229438606,CSS,6723
1229438606,JavaScript,3950
1233976060,CSS,54657
1233976060,Python,49500
1229084589,Go,386952
1229084589,JavaScript,63312
1229084589,Kotlin,45170
1229084589,CSS,35585
1229084589,HTML,14902
1229084589,Shell,10140
1229084589,Makefile,5739
1229492049,Python,2560611
1229492049,HTML,270427
1229492049,Shell,35067
1229492049,PowerShell,23861
1229492049,Dockerfile,4360
1237484347,C,161937
1237484347,Python,18768
1237484347,Shell,5537
1237484347,Makefile,528
1245114544,Swift,245188
1245114544,Objective-C,3919
1239240779,C,6610
1239240779,Makefile,372
1229916708,Dockerfile,1305
1229916708,Shell,237
1227634482,Python,576737
1227634482,JavaScript,73450
1227634482,HTML,42198
1227634482,CSS,41132
1227634482,Shell,2640
1227634482,Dockerfile,1555
1227634482,TypeScript,1059
1239594204,TypeScript,1817012
1239594204,HTML,47360
1239594204,JavaScript,23405
1233301160,Python,3859
1233301160,PowerShell,1193
1225188401,Python,2646958
1225188401,HTML,39999
1225188401,Shell,8019
1225188401,Makefile,1098
1225188401,Mako,704
1228169468,Python,91441
1228169468,Shell,619
1228169468,Dockerfile,152
1225724797,TypeScript,719798
1225724797,Rust,208966
1225724797,CSS,37327
1225724797,Shell,9388
1225724797,JavaScript,5256
1225724797,HTML,1765
1227920501,JavaScript,203596
1227920501,CSS,189911
1227920501,Python,114021
1227920501,Rust,80737
1227920501,HTML,46183
1227920501,Shell,20292
1227920501,PowerShell,9436
1227920501,Dockerfile,4359
1239781767,JavaScript,560650
1239781767,Dockerfile,1224
1239781767,Shell,498
1242719319,Python,3892939
1242719319,TypeScript,420872
1242719319,Shell,84115
1242719319,Dockerfile,14415
1242719319,Go Template,8567
1242719319,Just,8186
1228438586,Python,34568
1237570742,Python,1220792
1237570742,TypeScript,623221
1237570742,TeX,185781
1237570742,BibTeX Style,99306
1237570742,CSS,16564
1237570742,Shell,15297
1237570742,JavaScript,2791
1237570742,Mako,651
1237570742,HTML,371
1233537154,TypeScript,9770
1225427533,Go,370243
1225427533,Shell,5039
1225427533,Makefile,948
1234266468,PowerShell,90632
1226911245,Python,3212558
1226911245,Metal,249244
1226911245,C++,95025
1226911245,Shell,21961
1226911245,CMake,1740
1230498812,TypeScript,327303
1230498812,Python,287792
1230498812,JavaScript,161871
1230498812,CSS,73287
1230498812,Shell,56386
1230498812,HTML,48848
1230498812,Dockerfile,1192
1226632695,Go,1049895
1226632695,Shell,12302
1226632695,PowerShell,3318
1238043239,Python,1094243
1238043239,TypeScript,987748
1238043239,CSS,112993
1238043239,JavaScript,10346
1238043239,Shell,6066
1231442651,Python,283210
1231442651,Shell,5322
1233111215,Rust,3258531
1233111215,Nix,3337
1228653314,TypeScript,957765
1228004380,JavaScript,442251
1228004380,HTML,25151
1228004380,CSS,20966
1233418417,TypeScript,8848391
1233418417,Vue,2559153
1233418417,JavaScript,255360
1233418417,CSS,50720
1233418417,Shell,24672
1233418417,Dockerfile,2317
1233418417,HTML,881
1234044955,Dockerfile,705
1234044955,Shell,281
1232897321,TypeScript,259926
1232897321,Vue,144896
1232897321,JavaScript,32520
1232897321,CSS,4784
1232897321,HTML,911
1224189452,HTML,552224
1224189452,CSS,364317
1224189452,JavaScript,91645
1224189452,PowerShell,40256
1224189452,Batchfile,133
1241425259,Python,48607
1235483809,Java,292000
1235483809,JavaScript,47854
1235483809,CSS,35877
1235483809,Python,19471
1235483809,HTML,8783
1235483809,Shell,3294
1235483809,Dockerfile,713
1235175101,Python,165877
1224859117,Python,14664
1239522492,Python,8809644
1239522492,Swift,2046424
1239522492,TypeScript,887767
1239522492,CSS,285211
1239522492,Shell,60715
1239522492,MDX,40011
1239522492,JavaScript,23148
1239522492,Makefile,18540
1239522492,HTML,11353
1239522492,Dockerfile,415
1238377818,PowerShell,17069
1238377818,Batchfile,431
1238377818,VBScript,67
1238193136,JavaScript,1905
1238193136,Batchfile,1264
1238220753,Python,22394
1238220753,Batchfile,2725
1238220753,Shell,1505
1231009237,Python,309283
1226278857,Python,20911905
1226278857,TypeScript,1993775
1226278857,TeX,434546
1226278857,BibTeX Style,156486
1226278857,Shell,110815
1226278857,HTML,94222
1226278857,Nix,79075
1226278857,JavaScript,47367
1226278857,CSS,39359
1226278857,PowerShell,35628
1226278857,Dockerfile,2208
1226278857,Ruby,1585
1226278857,Batchfile,1250
1226278857,Makefile,1054
1226211658,Shell,254
1227432942,TypeScript,557744
1227432942,Python,81063
1227432942,CSS,2734
1227432942,JavaScript,1708
1227432942,HTML,702
1231342524,Rust,3076740
1231342524,Shell,83858
1231342524,C,949
1242867671,Python,113406
1245699721,TypeScript,1532599
1245699721,JavaScript,63847
1245699721,CSS,55498
1245699721,Shell,24345
1245699721,PowerShell,7335
1245699721,HTML,499
1225594874,Python,1009313
1225594874,Cuda,27197
1225594874,Shell,24393
1225594874,C++,12051
1230541272,TypeScript,124565
1230541272,JavaScript,26987
1228202170,Python,250362
1228202170,HTML,89302
1228202170,JavaScript,81077
1228202170,PureBasic,84
1242413123,Python,200709
1241479513,Python,922972
1241479513,HTML,222067
1241479513,JavaScript,147455
1241479513,CSS,56393
1241479513,Dockerfile,2505
1241479513,Shell,446
1225688424,Go,3811529
1225688424,TypeScript,1211216
1225688424,Shell,173245
1225688424,JavaScript,158921
1225688424,Python,47371
1225688424,PowerShell,8422
1225688424,Dockerfile,2621
1227764627,HTML,45376
1246386725,Python,431300
1246386725,JavaScript,102571
1246386725,CSS,88906
1246386725,HTML,35407
1246386725,Shell,4059
1246386725,Batchfile,2465
1235604959,Python,8595263
1235604959,TypeScript,2354513
1235604959,CSS,101093
1235604959,Shell,74042
1235604959,HTML,54721
1235604959,JavaScript,30157
1235604959,PowerShell,3753
1235604959,Inno Setup,2028
1235604959,Makefile,1682
1235604959,Dockerfile,1233
1235604959,Batchfile,914
1225256461,JavaScript,218201
1225256461,Objective-C,17963
1225256461,Swift,13967
1232370714,TypeScript,1769518
1232370714,JavaScript,236174
1232370714,Shell,72436
1232370714,Dockerfile,42193
1232370714,HTML,20695
1232370714,CSS,5804
1232370714,Python,3900
1224995866,Assembly,156195
1224995866,Shell,17917
1224995866,HTML,13839
1224995866,CSS,1264
1224995866,JavaScript,294
1224995866,Makefile,290
1229167008,C#,10302
1228490158,Go,92227
1228490158,Shell,2129
1228490158,Batchfile,838
1237819660,PowerShell,86777
1237819660,Java,81881
1237819660,Shell,72770
1237819660,JavaScript,14422
1237819660,Python,13327
1237819660,Batchfile,1481
1225734196,C++,673670
1225734196,HTML,25385
1225734196,JavaScript,12328
1225734196,CMake,10150
1225734196,Java,10101
1237911785,Python,658219
1249107749,TypeScript,25663
1249107749,JavaScript,11152
1225492439,TypeScript,2237736
1225492439,JavaScript,17406
1225492439,CSS,3307
1233569086,TypeScript,1046971
1233569086,Rust,106525
1233569086,MDX,30558
1233569086,CSS,23327
1233569086,JavaScript,17988
1233569086,Python,5427
1233569086,HTML,1958
1228217659,Python,220185
1228217659,Dockerfile,5934
1239811673,TypeScript,351571
1239811673,JavaScript,218685
1239811673,CSS,47309
1239811673,Shell,8014
1239811673,HTML,373
1239864142,Shell,5223
1228881105,Shell,473628
1231330338,Swift,24963
1228093729,Python,146506
1228093729,CSS,12647
1228093729,JavaScript,6191
1239993295,Shell,18782
1231072198,Rust,4061596
1231072198,Python,190707
1231072198,Shell,38088
1231072198,HTML,27635
1233119393,TeX,9384158
1233119393,Python,1537043
1233119393,BibTeX Style,542940
1233119393,Shell,49653
1226966899,Rust,414193
1226966899,Nix,1797
1226966899,Ruby,612
1232997470,Python,239448
1231741292,TypeScript,1407985
1231741292,Go,75159
1231741292,JavaScript,71900
1231741292,Python,53878
1231741292,PowerShell,25143
1231741292,CSS,20189
1231741292,Shell,17168
1231741292,HTML,16754
1231741292,Dockerfile,7258
1231741292,Makefile,686
1244071529,TypeScript,3655125
1244071529,PLpgSQL,107138
1244071529,JavaScript,68827
1244071529,Astro,20691
1244071529,MDX,4086
1244071529,Dockerfile,2783
1244071529,Shell,2734
1244071529,CSS,2516
1244071529,HTML,365
1244071529,Makefile,224
1233543984,Swift,1625557
1233543984,HTML,27414
1233543984,JavaScript,13937
1233543984,Shell,12387
1233543984,CSS,5946
1233543984,Python,5203
1249337147,C#,139
1249337147,TypeScript,109
1249337147,Java,105
1249337147,JavaScript,94
1249337147,C++,88
1249337147,Python,87
1249337147,Go,70
1249337147,Rust,68
1249337147,C,64
1249337147,Kotlin,61
1249337147,PHP,58
1249337147,Dart,57
1249337147,Lua,56
1249337147,Swift,54
1249337147,Ruby,51
1226446524,Python,48949
1250957639,JavaScript,1218575
1250957639,Python,113638
1250957639,HTML,98543
1250957639,Shell,22867
1235536039,Python,592834
1235536039,Swift,414449
1235536039,Shell,4398
1235536039,Batchfile,609
1235536039,PowerShell,535
1238989758,C++,667159
1238989758,CMake,1773
1236232731,TypeScript,55134
1236232731,JavaScript,2977
1234904564,TypeScript,7154051
1234904564,Python,861813
1234904564,JavaScript,431199
1234904564,MDX,226866
1234904564,CSS,30584
1234904564,Shell,9586
1234904564,LookML,7703
1231982666,MDX,643998
1231982666,Astro,504002
1231982666,TypeScript,502030
1231982666,HTML,204572
1231982666,Python,37898
1231982666,JavaScript,9183
1231982666,CSS,8220
1231982666,Shell,2369
1230084743,Rust,6340163
1230084743,Cuda,3684850
1230084743,Python,505364
1230084743,Shell,91367
1230084743,Metal,85838
1230084743,Jinja,53792
1230084743,Svelte,29748
1230084743,JavaScript,28096
1230084743,Dockerfile,23822
1230084743,CSS,22647
1230084743,HTML,1943
1245136531,Python,941245
1245136531,Just,551
1227339848,Python,1908686
1227339848,TypeScript,928831
1227339848,Mermaid,190110
1227339848,CSS,143952
1227339848,JavaScript,42374
1227339848,Shell,25417
1227339848,TeX,2262
1227339848,HTML,353
1227339848,MDX,118
1230280405,Jupyter Notebook,1201093
1230280405,Mermaid,25080
1230280405,Python,17302
1233135720,Shell,27326
1233135720,Dockerfile,1761
1233135720,TypeScript,396
1233135720,JavaScript,393
1226393992,Python,529442
1226393992,Vue,24653
1226393992,TypeScript,2111
1226393992,Dockerfile,672
1236185998,TypeScript,378306
1236185998,CSS,108402
1236185998,JavaScript,81766
1236185998,Astro,80770
1233356283,Jupyter Notebook,42730
1225075622,C,262151
1225075622,Makefile,9162
1234345172,Python,334661
1234345172,Shell,4179
1244665294,C,226718
1244665294,Python,36897
1244665294,HTML,11873
1244665294,Makefile,372
1227490532,TypeScript,2606621
1227490532,JavaScript,593540
1227490532,HTML,94765
1227490532,Python,79541
1227490532,CSS,9250
1227490532,Shell,1181
1227490532,Dockerfile,387
1224647598,TypeScript,381555
1224647598,JavaScript,56039
1224647598,Shell,5910
1224368231,Shell,2392
1225601650,HTML,566371
1225601650,CSS,347065
1225601650,PowerShell,199498
1225601650,JavaScript,90260
1225601650,Batchfile,133
1226495052,Python,244646
1226495052,Shell,12455
1224885086,Python,7501
1245086469,C#,270152
1245086469,Python,13737
1245086469,PowerShell,1169
1238904811,C++,147501
1227459967,Swift,2537963
1227459967,TypeScript,931874
1227459967,Go,633013
1227459967,Python,166222
1227459967,Shell,84569
1227459967,JavaScript,26351
1227459967,CSS,26278
1227459967,Dockerfile,2044
1227459967,Metal,1448
1227459967,HTML,1382
1227459967,Makefile,1041
1252347021,TypeScript,109
1252347021,JavaScript,94
1252347021,C++,88
1252347021,Go,70
1252347021,C,64
1252347021,PHP,58
1252347021,Dart,57
1225134839,Python,108889
1225134839,Shell,15718
1238606716,TypeScript,195327
1238606716,Shell,64797
1238606716,JavaScript,8801
1234429907,Python,508668
1234429907,JavaScript,14400
1234429907,PowerShell,2928
1237942714,C++,167471
1229870384,Python,6410
1246148135,Rust,1679903
1246148135,Shell,94627
1246148135,HTML,13007
1246148135,PowerShell,12558
1246148135,Dockerfile,2885
1246148135,JavaScript,121
1246148135,Batchfile,120
1246148135,CSS,59
1238930970,C#,21165
1225840521,Shell,343435
1225840521,Python,94346
1225840521,JavaScript,12105
1225840521,TypeScript,5054
1225840521,Batchfile,1460
1227564963,Python,185264
1227564963,JavaScript,4438
1230490311,Python,386588
1238096032,Python,36077
1226797539,C#,150547
1226797539,HTML,6276
1226797539,PowerShell,1925
1226797539,JavaScript,631
1230385816,Shell,3789
1229083655,Rust,775135
1229083655,Kotlin,236474
1229083655,HTML,46564
1229083655,Python,14046
1229083655,Makefile,4397
1238525750,TypeScript,332831
1238525750,CSS,239362
1250486032,Python,2605194
1226610563,JavaScript,510926
1226610563,Go,14804
1242193963,Python,140415
1242193963,Shell,31303
1241960226,Go,295569
1241960226,TypeScript,83088
1241960226,CSS,20095
1241960226,JavaScript,15495
1241960226,Shell,13309
1241960226,HTML,10009
1241960226,Makefile,2217
1237975140,C++,167471
1233520252,Rust,179818
1233520252,JavaScript,88264
1233520252,HTML,1856
1235232619,Python,1039811
1235232619,Shell,1293
1228130702,Rust,645600
1228130702,Shell,155570
1228130702,TypeScript,154423
1228130702,Python,110974
1228130702,Vue,98515
1228130702,JavaScript,41504
1228130702,Dockerfile,2866
1228130702,HTML,515
1228130702,CSS,59
1234582852,Rust,2116354
1234582852,Python,721236
1234582852,Shell,102601
1234582852,PLpgSQL,12785
1242450421,TypeScript,8662
1246721062,Python,716503
1246721062,JavaScript,87627
1246721062,CSS,79006
1246721062,Shell,11733
1228926455,Python,61699
1238682142,Rust,83654
1238682142,Nix,1818
1238047523,Go,637250
1238047523,Python,81024
1238047523,Shell,62234
1238047523,HTML,17656
1238047523,Go Template,5800
1238047523,Makefile,1771
1238047523,Dockerfile,1135
1226707828,Python,108031
1226707828,Jupyter Notebook,2231
1228451912,Python,6661
1243732556,Python,215638
1243732556,JavaScript,21409
1243732556,HTML,3672
1243732556,PowerShell,739
1243732556,Shell,671
1239473321,Swift,1501584
1239473321,Shell,20416
1231476377,JavaScript,391726
1231476377,CSS,13193
1231476377,Python,2774
1231476377,HTML,1025
1234699894,Java,16947
1234699894,AIDL,96
1239890796,Shell,448769
1239890796,Dockerfile,42530
1229708435,Rust,77119
1229708435,Shell,54797
1227802761,JavaScript,153632
1227802761,CSS,30727
1227802761,HTML,9517
1246346594,JavaScript,248391
1246346594,CSS,22945
1246346594,HTML,1630
1225057823,Assembly,13921
1225057823,Go,9971
1225057823,Shell,1894
1231387029,Dart,336089
1231387029,JavaScript,155661
1231387029,HTML,45059
1231387029,CSS,26727
1231387029,Python,2610
1227413039,Python,82975
1234414456,Vue,553707
1234414456,Go,281883
1234414456,TypeScript,181540
1234414456,Shell,33774
1234414456,Batchfile,17504
1234414456,PowerShell,4407
1234414456,SCSS,1350
1234414456,Dockerfile,1335
1234414456,HTML,495
1234414456,JavaScript,254
1249432861,Python,282855
1249432861,TypeScript,45211
1249432861,PowerShell,3172
1249432861,JavaScript,2270
1246600517,TypeScript,26832438
1246600517,JavaScript,842638
1246600517,Rust,365515
1246600517,Shell,112534
1246600517,MDX,100095
1246600517,Python,79797
1246600517,Swift,52967
1246600517,CSS,38526
1246600517,PowerShell,33962
1246600517,Dockerfile,4248
1246600517,C,3850
1246600517,HTML,3103
1237883608,JavaScript,904140
1249421182,JavaScript,4959380
1249421182,TypeScript,173356
1249421182,CSS,2799
1238426791,HTML,44272
1224251504,TypeScript,607968
1224251504,CSS,148045
1224251504,Dockerfile,828
1224251504,JavaScript,449
1224251504,HTML,437
1224251504,Shell,158
1235788029,TypeScript,141787
1235788029,CSS,8008
1235788029,JavaScript,559
1249349626,C#,138
1249349626,TypeScript,107
1249349626,Java,104
1249349626,JavaScript,92
1249349626,C++,87
1249349626,Python,85
1249349626,Go,69
1249349626,Rust,67
1249349626,C,63
1249349626,Kotlin,60
1249349626,PHP,57
1249349626,Dart,56
1249349626,Lua,55
1249349626,Swift,53
1249349626,Ruby,50
1239172224,TypeScript,2033130
1239172224,JavaScript,63735
1239172224,Shell,21634
1239172224,PowerShell,9381
1231018231,Java,4205458
1231018231,C++,91924
1231018231,C,1819
1231018231,CMake,1355
1226007299,JavaScript,83594
1226007299,HTML,23589
1226007299,CSS,14443
1231555195,TypeScript,527637
1231555195,CSS,7381
1231555195,HTML,596
1231839460,Swift,286217
1246103273,TypeScript,54096
1238503477,HTML,2486265
1238503477,Python,755145
1230624150,JavaScript,18754469
1230624150,Python,820643
1230624150,TypeScript,469539
1230624150,Dockerfile,2594
1230624150,CSS,1804
1230624150,Mako,629
1230624150,HTML,427
1247940858,TypeScript,2428077
1247940858,Rust,436556
1247940858,JavaScript,45099
1247940858,Python,43335
1247940858,Swift,16946
1247940858,CSS,13089
1247940858,Handlebars,1008
1247940858,HTML,638
1233567911,Python,362676
1233567911,Batchfile,1811
1249327962,C#,134
1249327962,Java,100
1249327962,TypeScript,99
1249327962,JavaScript,84
1249327962,C++,83
1249327962,Python,77
1249327962,Go,65
1249327962,Rust,63
1249327962,C,59
1249327962,Kotlin,56
1249327962,PHP,53
1249327962,Dart,52
1249327962,Lua,51
1249327962,Swift,49
1249327962,Ruby,46
1247944288,TypeScript,43003
1247944288,Python,40531
1247944288,Just,1972
1247944288,JavaScript,1377
1247944288,CSS,747
1247944288,HTML,408
1247151578,TypeScript,184895
1238130230,Zig,115550
1238130230,JavaScript,13488
1237524419,Rust,1083185
1237524419,Python,129518
1237524419,Shell,117954
1237524419,PLpgSQL,10978
1237524419,Nix,3120
1237524419,Dockerfile,1867
1239164600,TypeScript,16302
1239164600,PowerShell,2550
1244811210,C#,21165
1237119253,TypeScript,82256
1237119253,Shell,4498
1239129130,HTML,120612
1239129130,JavaScript,76810
1239129130,Shell,12899
1239129130,CSS,9424
1239129130,Dockerfile,680
1247712932,TypeScript,8662
1227006602,TeX,99479
1227006602,Makefile,197
1238952654,C#,21165
1242710715,C#,21165
1232229971,C,17523
1232229971,Shell,10755
1233772526,Rust,1980417
1241642304,TypeScript,8458
1234694075,Python,11238
1234694075,Batchfile,1866
1234694075,PowerShell,1678
1228895176,Python,9735
1252289708,Python,82854
1252289708,Dockerfile,274
1241656776,TypeScript,8662
1244526275,PowerShell,10338
1245898085,Python,1392113
1245898085,PowerShell,10830
1245898085,Batchfile,45
1234807136,PowerShell,5490
1246599779,HTML,191729
1246599779,Python,36658
1246599779,JavaScript,11811
1228852684,TypeScript,3595362
1228852684,Rust,231260
1228852684,CSS,88001
1228852684,JavaScript,70832
1228852684,HTML,586
1234921919,Python,65651
1241627469,TypeScript,8302
1241627469,JavaScript,591
1231355501,JavaScript,3678
1231355501,Shell,1014
1229111282,TypeScript,844650
1229111282,MDX,339786
1229111282,Rust,211636
1229111282,CSS,42093
1229111282,Shell,15343
1229111282,JavaScript,6547
1229111282,HTML,3857
1229111282,Dockerfile,1648
1239164632,TypeScript,13817
1239130457,TypeScript,17058
1239376793,Python,14146878
1239376793,MDX,1052422
1239376793,Shell,265029
1239376793,HTML,168357
1239376793,Makefile,10669
1231366878,Swift,254112
1231366878,C,22349
1231366878,Shell,5146
1231366878,Objective-C,42
1236310444,HTML,67332
1238458554,Python,69528
1226223190,Python,753035
1226223190,TypeScript,610188
1226223190,JavaScript,504690
1226223190,HTML,61600
1226223190,PowerShell,47004
1226223190,CSS,21714
1226223190,Rust,19930
1226223190,Shell,11769
1226223190,Batchfile,6555
1225199333,Swift,821794
1225199333,Python,72273
1225199333,Shell,12862
1225199333,JavaScript,1735
1224575459,Python,104653
1224575459,Dockerfile,3195
1224575459,Makefile,2781
1247704528,TypeScript,8662
1247698075,C#,21165
1248129407,C,896827
1248129407,C++,310250
1248129407,Python,170465
1248129407,Shell,37945
1248129407,Cuda,25882
1248129407,CMake,16453
1248129407,MATLAB,584
1248129407,Wolfram Language,513
1249327663,C#,129
1249327663,Java,95
1249327663,TypeScript,89
1249327663,C++,78
1249327663,JavaScript,74
1249327663,Python,67
1249327663,Go,60
1249327663,Rust,58
1249327663,C,54
1249327663,Kotlin,51
1249327663,PHP,48
1249327663,Dart,47
1249327663,Lua,46
1249327663,Swift,44
1249327663,Ruby,41
1227957130,Vue,340674
1227957130,TypeScript,286007
1227957130,CSS,1954
1227957130,JavaScript,120
1237715418,Python,570399
1237715418,Shell,1102
1239154363,Kotlin,391279
1239154363,AIDL,834
1240996286,TypeScript,314835
1240996286,JavaScript,15474
1240996286,Shell,10826
1240996286,CSS,42
1224545932,Cuda,14484
1224545932,C++,8878
1237112689,HTML,27146
1237112689,JavaScript,21574
1237112689,CSS,5394
1237112689,Shell,3349
1237112689,Dockerfile,1626
1237112689,Python,697
1229950622,TypeScript,179831
1229950622,JavaScript,132942
1229950622,CSS,6827
1237809202,Swift,455531
1237809202,HTML,34706
1237809202,Python,16369
1237809202,Shell,9306
1231403659,Python,18599
1243808884,TypeScript,8662
1227498626,Python,247573
1227498626,Batchfile,3988
1227498626,Shell,2628
1226627909,TypeScript,131484
1241537755,Rust,387074
1241537755,TypeScript,342136
1241537755,CSS,61040
1241537755,JavaScript,27795
1241537755,HTML,5316
1234571279,Python,86093
1242679355,Python,243258
1242679355,HTML,133747
1242679355,JavaScript,13755
1242679355,Shell,10583
1227390839,Python,11071
1224866871,Python,394557
1224866871,Shell,750
1249445567,JavaScript,119914
1232744559,Swift,825808
1232744559,Shell,11712
1237521012,TypeScript,4098
1237521012,PowerShell,3816
1237920944,TypeScript,8662
1237920944,JavaScript,591
1247236424,JavaScript,5061
1247236424,Shell,3027
1251705853,C#,130
1251705853,Java,96
1251705853,TypeScript,91
1251705853,C++,79
1251705853,JavaScript,76
1251705853,Python,69
1251705853,Go,61
1251705853,Rust,59
1251705853,C,55
1251705853,Kotlin,52
1251705853,PHP,49
1251705853,Dart,48
1251705853,Lua,47
1251705853,Swift,45
1251705853,Ruby,42
1239091716,TypeScript,50699
1232094166,JavaScript,57961
1235809639,Shell,2491
1235809639,HTML,1189
1249401892,TypeScript,8662
1226012030,TypeScript,365963
1226012030,JavaScript,3207
1224275784,Shell,5870
1237739069,TypeScript,769076
1237739069,HTML,45324
1237739069,CSS,9104
1237739069,JavaScript,2281
1243053620,TypeScript,213394
1243053620,CSS,1564
1243053620,PowerShell,488
1243053620,HTML,360
1252583707,Go,79739
1252583707,Shell,3799
1252583707,Makefile,2132
1243749168,C++,167471
1247720295,Java,28664
1236459994,Java,114489996
1236459994,JavaScript,62867148
1236459994,Vue,2532068
1236459994,ANTLR,1598982
1236459994,HTML,508220
1236459994,Less,208807
1236459994,CSS,70870
1236459994,Shell,70214
1236459994,PLSQL,25102
1236459994,PLpgSQL,10433
1236459994,Dockerfile,9381
1236459994,Groovy,4439
1236459994,TSQL,1863
1236459994,SCSS,331
1226409955,Go,192472
1226409955,Makefile,6780
1236843793,TeX,17462
1236843793,Typst,14406
1236843793,Batchfile,3706
1236843793,Shell,2765
1233530473,Python,2846556
1233530473,Shell,69766
1225506852,Vue,362849
1225506852,JavaScript,254620
1225506852,HTML,16169
1225506852,CSS,11364
1225506852,Shell,9914
1225506852,Pug,152
1250888279,TypeScript,467748
1250888279,Python,402820
1250888279,MDX,65672
1250888279,CSS,2641
1250888279,JavaScript,1962
1250888279,Shell,466
1250888279,Dockerfile,448
1250888279,HTML,358
1233494045,JavaScript,15374
1233494045,CSS,3360
1233494045,HTML,2272
1236456744,Shell,189585
1245826485,Python,124785
1249392808,C#,21165
1228848781,Kotlin,1163673
1228848781,Python,104746
1228848781,Shell,40124
1228848781,C++,7866
1228848781,Java,1881
1228848781,AIDL,1044
1228848781,CMake,863
1228848781,Makefile,387
1228848781,C,279
1249425919,C#,21165
1249414368,C#,21165
1241341982,Python,296254
1241341982,Batchfile,5593
1241341982,PowerShell,4890
1246797971,C++,66552656
1246797971,Pawn,9791389
1246797971,C,8038054
1246797971,Isabelle,5163184
1246797971,Assembly,1268933
1246797971,Standard ML,167679
1246797971,Python,36782
1246797971,Objective-C,23543
1246797971,Shell,18908
1246797971,CMake,14497
1246797971,Perl,11604
1246797971,TeX,9930
1246797971,Roff,3309
1246797971,OCaml,1272
1229574762,Python,646072
1229574762,Makefile,6819
1232727602,C#,16631204
1232727602,PowerShell,17605
1232727602,Batchfile,2257
1240867561,TypeScript,8662
1240867561,JavaScript,591
1242997674,JavaScript,4389
1228325421,Swift,1621889
1228325421,HTML,30488
1228325421,Shell,27434
1228325421,CSS,13370
1228325421,JavaScript,4499
1228325421,Go Template,279
1249438129,C++,167471
1235401698,TypeScript,171834
1235401698,CSS,7398
1235401698,JavaScript,2432
1250579204,HTML,1
1249065355,TypeScript,111371
1249065355,Rust,69142
1249065355,Shell,16850
1249065355,Swift,7935
1249065355,CSS,6344
1249065355,JavaScript,2948
1237255761,TypeScript,33122
1237255761,CSS,18682
1237255761,HTML,895
1237255761,JavaScript,591
1234675179,Go,207765
1233786405,Python,333681
1233786405,C++,140567
1233786405,JavaScript,52611
1233786405,CSS,8185
1233786405,CMake,6447
1233786405,Shell,4866
1233786405,HTML,4660
1246084934,TypeScript,112603
1248728151,TypeScript,539448
1248728151,Python,25439
1248728151,Go Template,11581
1248728151,CSS,5789
1248728151,JavaScript,2418
1248728151,HTML,682
1232824274,Python,99483
1232824274,Shell,345
1241825396,Python,69634
1241825396,Shell,3214
1225826364,C,4381428
1225826364,Kotlin,718200
1225826364,Makefile,25232
1225826364,Swift,15957
1225826364,Assembly,13561
1225826364,Shell,6962
1225826364,CMake,3708
1225826364,Dockerfile,935
1233572903,Swift,1034741
1233572903,Python,177771
1233572903,Shell,15297
1233572903,Makefile,6911
1231685851,TypeScript,139755
1240421258,Python,1213135
1225779594,Python,1056284
1225779594,TypeScript,646934
1225779594,Go,509026
1225779594,Shell,343880
1225779594,Tcl,317005
1225779594,PLpgSQL,154778
1225779594,CSS,19886
1225779594,Jinja,18446
1225779594,Go Template,8220
1225779594,Dockerfile,2446
1225779594,PowerShell,1780
1225779594,HTML,384
1225779594,Batchfile,207
1225779594,JavaScript,80
1252751767,TypeScript,41338
1249261520,Python,161342
1249261520,Shell,38062
1239192400,JavaScript,111121
1239192400,CSS,15803
1239192400,HTML,299
1251565665,Haskell,1331833
1251565665,TypeScript,681190
1251565665,Nix,189665
1251565665,CSS,37731
1251565665,Rust,20114
1251565665,PLpgSQL,15065
1251565665,Go,3188
1251565665,JavaScript,3019
1251565665,Just,1284
1245212201,Shell,1505
1245212201,Dockerfile,952
1233495945,Python,596144
1233495945,TypeScript,128338
1233495945,Shell,12977
1233495945,Dockerfile,5359
1233495945,HTML,301
1233495945,JavaScript,201
1233495945,CSS,146
1245331415,TypeScript,180579
1245331415,Solidity,17931
1245331415,Rust,14299
1245331415,JavaScript,11069
1245331415,Shell,3486
1224399774,TypeScript,99747
1224399774,CSS,16122
1224399774,HTML,10047
1224399774,JavaScript,9077
1224399774,Go Template,1037
1249866465,Python,10057
1245033804,Python,60251
1230894777,Python,3387135
1230894777,Vue,766243
1230894777,JavaScript,327163
1230894777,Shell,3872
1230894777,CSS,1973
1230894777,HTML,281
1231743029,Dart,5037978
1231743029,Swift,96102
1231743029,Kotlin,57386
1231743029,Shell,39070
1231743029,C++,27812
1231743029,CMake,20150
1231743029,Ruby,4260
1231743029,C,1425
1231743029,HTML,1249
1231743029,Objective-C,38
1224712371,Shell,3406
1230718069,Python,94887
1230718069,PowerShell,778
1230718069,Shell,56
1231745656,TypeScript,29409
1231745656,MDX,5480
1231745656,JavaScript,609
1231745656,CSS,257
1235572541,C#,1172411
1235572541,PowerShell,3249
1230068255,Rust,1389098
1230068255,C,1198275
1230068255,Objective-C,638520
1230068255,Metal,290791
1230068255,Swift,51759
1230068255,JavaScript,30964
1230068255,Python,9315
1230068255,Shell,3338
1230068255,Makefile,2144
1230068255,TypeScript,1208
1230068255,HTML,11
1237544917,Go,607104
1237544917,Vue,413896
1237544917,TypeScript,42033
1237544917,CSS,11606
1237544917,Dockerfile,1869
1237544917,JavaScript,684
1237544917,HTML,370
1247881802,Python,37938
1243176585,Shell,1704
1244468619,Python,178030
1244468619,HTML,74364
1241273478,Python,121594
1247895148,Python,68000
1247895148,PowerShell,9530
1247895148,Shell,4320
1247895148,Batchfile,1066
1247895148,Dockerfile,604
1239545724,Shell,2632
1230654661,C++,924
1247416412,JavaScript,214230
1247416412,TypeScript,200591
1247416412,Rust,34306
1232681444,TypeScript,982429
1232681444,JavaScript,51090
1232681444,Shell,7240
1232681444,PowerShell,6397
1249876603,JavaScript,42391
1249876603,Python,15892
1249876603,CSS,14658
1226556412,Python,3528659
1226556412,HTML,1260240
1226556412,JavaScript,326323
1226556412,Go,58270
1226556412,CSS,36508
1226556412,Shell,35501
1226556412,Rust,30210
1226556412,TypeScript,18778
1226556412,Makefile,3039
1226556412,Dockerfile,2940
1235711875,Rust,410191
1235711875,Ruby,1176
1237909017,C++,167471
1231076877,TypeScript,94047
1231076877,CSS,4811
1231076877,JavaScript,474
1226861761,Shell,32104
1239226792,Go,479519
1239226792,Shell,169
1231603094,Rust,208140
1244733782,C++,144364
1244733782,C,1478
1247687023,Python,116705
1247687023,Shell,8139
1247687023,Makefile,82
1241124283,Shell,31255
1241124283,PowerShell,18768
1241124283,Batchfile,10208
1233488832,JavaScript,24359
1233488832,Batchfile,247
1241237008,TypeScript,74134
1230620963,Go,3248549
1230620963,Python,28381
1230620963,Shell,20449
1230620963,PowerShell,7747
1230620963,Makefile,695
1243242191,C++,694
1249437428,TypeScript,21693
1236315300,Python,84535
1231471576,TypeScript,1965736
1231471576,HTML,1663233
1231471576,JavaScript,32703
1231471576,CSS,3892
1236147743,TypeScript,46320
1236147743,JavaScript,1203
1236147743,Dockerfile,719
1233662684,TypeScript,312677
1233662684,Shell,2097
1233662684,Dockerfile,1490
1238995445,C++,147501
1252093361,TypeScript,68067
1233701259,JavaScript,253915
1233701259,Kotlin,100397
1233701259,Dart,82623
1233701259,Java,32160
1227136764,Python,43884
1227136764,CSS,9404
1247413372,PowerShell,2312
1247413372,Batchfile,679
1249347617,C#,161
1249347617,TypeScript,153
1249347617,JavaScript,138
1249347617,Python,131
1249347617,Java,127
1249347617,C++,110
1249347617,Go,92
1249347617,Rust,90
1249347617,C,86
1249347617,Kotlin,83
1249347617,PHP,80
1249347617,Dart,79
1249347617,Lua,78
1249347617,Swift,76
1249347617,Ruby,73
1224110675,TypeScript,3557162
1224110675,JavaScript,87063
1224110675,CSS,22713
1224110675,Dockerfile,1756
1249325741,C#,151
1249325741,TypeScript,133
1249325741,JavaScript,118
1249325741,Java,117
1249325741,Python,111
1249325741,C++,100
1249325741,Go,82
1249325741,Rust,80
1249325741,C,76
1249325741,Kotlin,73
1249325741,PHP,70
1249325741,Dart,69
1249325741,Lua,68
1249325741,Swift,66
1249325741,Ruby,63
1238775512,HTML,463021
1241163667,TypeScript,83452
1241163667,JavaScript,1431
1241163667,CSS,420
1249451639,TypeScript,8662
1236165801,Python,744731
1249218782,C++,480378
1249218782,Jupyter Notebook,12914
1249218782,CMake,3899
1244280624,TypeScript,112603
1225141037,Go,3573696
1225141037,Makefile,1944
1250647330,C++,115542
1250647330,C,3924
1250647330,CMake,527
1232473204,Python,25588
1245299074,Python,1022467
1245299074,TypeScript,537637
1245299074,JavaScript,17934
1245299074,CSS,5374
1245299074,Dockerfile,1562
1245299074,Shell,584
1225618516,Makefile,3069
1234425239,Java,209816
1244959261,TypeScript,117293
1244040752,Solidity,963487
1244040752,TypeScript,686917
1244040752,JavaScript,100021
1244040752,Python,17400
1244040752,Shell,7556
1244040752,Ruby,1447
1244040752,CSS,1277
1244040752,Dockerfile,568
1247183420,Python,29707
1229989330,Python,1574153
1229989330,Lua,20706
1229989330,JavaScript,15929
1229989330,PowerShell,11822
1229989330,Smarty,2401
1229989330,Batchfile,146
1246722622,TypeScript,108619
1246722622,Python,47395
1246722622,JavaScript,31378
1246722622,Shell,4472
1246722622,Ruby,2710
1238121308,TypeScript,134335
1238121308,JavaScript,629
1225059606,Go,51862
1225059606,HTML,38313
1235812056,Lua,13887
1243638600,Python,20722
1228379700,Swift,29948
1230208265,Rust,152995
1229388030,TypeScript,135079
1229388030,Shell,103768
1229388030,CSS,48641
1229388030,HTML,47201
1229388030,Java,43892
1229388030,JavaScript,873
1250534073,TypeScript,8662
1229032940,TypeScript,118878
1248697773,JavaScript,266314
1248697773,CSS,19737
1248697773,HTML,17630
1237849344,Python,38243
1237849344,PowerShell,6898
1237849344,Shell,3098
1226547867,Python,646581
1226547867,Shell,773
1250519447,TypeScript,8662
1233416003,TypeScript,1075198
1233416003,Svelte,806184
1233416003,JavaScript,399577
1233416003,CSS,127097
1233416003,Python,32371
1233416003,HTML,25591
1233416003,Dockerfile,5300
1233416003,Shell,722
1225502008,HTML,26354
1225502008,JavaScript,13126
1246249472,Python,1910767
1246249472,JavaScript,545821
1246249472,CSS,109766
1246249472,HTML,5282
1246249472,Shell,3696
1229370202,Kotlin,169847
1224332752,Shell,78344
1224332752,TypeScript,6519
1224332752,JavaScript,1894
1237509490,HTML,1557
1237509490,C++,1209
1237509490,C#,1208
1237509490,Java,783
1237509490,Go,709
1233332479,TypeScript,175007
1233332479,JavaScript,125888
1233332479,Python,8029
1233332479,CSS,7866
1233332479,Shell,1140
1225446523,Python,70612
1239996555,TypeScript,8662
1239996555,JavaScript,591
1248346037,Python,23632
1246873510,Python,29228
1246873510,Shell,279
1227296202,TypeScript,112603
1250548787,C#,21165
1224933666,Python,13817
1224933666,Shell,3024
1239984217,C#,21165
1225316611,TypeScript,278897
1225316611,JavaScript,30524
1225316611,Dockerfile,1137
1237537915,TypeScript,231587
1237537915,CSS,79364
1237537915,Rust,3395
1237537915,HTML,603
1237537915,Shell,271
1235511227,CSS,1297854
1235511227,JavaScript,94654
1235511227,HTML,1838
1235511227,Python,1425
1237465820,TypeScript,6284890
1237465820,HTML,341402
1237465820,Shell,40042
1237465820,JavaScript,24256
1237465820,CSS,23648
1237465820,Swift,9903
1237465820,PowerShell,5457
1237465820,Python,4765
1237465820,Dockerfile,2129
1237465820,Batchfile,2126
1234008446,Rust,55230
1234008446,TypeScript,47579
1234008446,CSS,2792
1234008446,HTML,356
1234008446,JavaScript,70
1235135158,HTML,247380
1227449814,Python,2039121
1227449814,HTML,102123
1230684946,Go,82843
1251506840,C#,21165
1247336503,HTML,72807
1230831838,Python,279779
1230831838,HTML,98765
1230831838,Shell,24825
1230831838,Dockerfile,434
1236390840,Python,52636
1251527399,Java,28664
1239695193,Python,457450
1235452828,Python,287780
1235452828,Shell,873
1239957127,C++,167471
1239969496,Kotlin,102317
1239969496,Shell,15671
1239969496,CMake,741
1239969496,C,705
1237883600,TypeScript,1499369
1237883600,Shell,134471
1237883600,JavaScript,84841
1237883600,CSS,71933
1237883600,HTML,27241
1237883600,Dockerfile,848
1248453746,C++,167471
1246541082,Python,1369886
1246541082,Cuda,92324
1246541082,C++,27234
1246541082,Shell,16029
1246541082,CMake,1735
1246541082,C,1364
1244965261,Python,440167
1244965261,HTML,47804
1247191108,Python,4783
1251539207,TypeScript,8662
1245248689,Python,73561
1227588616,C++,5870057
1227588616,C,988241
1227588616,Makefile,55409
1227588616,Scala,12293
1227588616,CMake,3692
1227588616,GLSL,2768
1227588616,SuperCollider,338
1239934737,C++,147501
1251551398,C++,167471
1234367128,C++,89853
1234367128,CSS,32455
1234367128,PowerShell,28216
1234367128,Python,24236
1234367128,JavaScript,20905
1234367128,HTML,9748
1234367128,Xmake,2211
1234367128,C,1405
1234367128,Batchfile,892
1251560989,PowerShell,23331
1251560989,AutoHotkey,3871
1251560989,VBScript,1754
1235003804,Python,1484960
1235003804,HTML,38563
1235003804,Shell,26943
1232175998,TypeScript,1748209
1232175998,Shell,4606
1232175998,JavaScript,828
1239140279,Python,1193122
1239140279,JavaScript,192993
1239140279,Go,154156
1239140279,C++,26984
1239140279,Shell,18518
1239140279,Makefile,5856
1239140279,Dockerfile,1430
1239140279,C,1295
1247731223,TypeScript,8662
1232109753,Python,481262
1232109753,Shell,5845
1244943235,JavaScript,85473
1242306767,TypeScript,196191
1242306767,JavaScript,34965
1245256564,TypeScript,1063053
1245256564,Rust,396556
1245256564,CSS,226625
1245256564,JavaScript,30258
1245256564,NSIS,2798
1245256564,Shell,1792
1245256564,HTML,370
1247187253,Python,8119
1226331757,PHP,2950376
1226331757,Vue,1402631
1226331757,TypeScript,163796
1226331757,Twig,98248
1226331757,Shell,49686
1226331757,PowerShell,48607
1226331757,Python,29847
1226331757,Batchfile,22803
1226331757,CSS,13664
1226331757,Dockerfile,4945
1226331757,HTML,4308
1243403407,Python,57554292
1243403407,Rust,6132433
1243403407,Cuda,3347666
1243403407,C++,2857337
1243403407,Jupyter Notebook,524304
1243403407,Shell,382487
1243403407,C,228508
1243403407,Go,211012
1243403407,Dockerfile,137813
1243403407,Jinja,73320
1243403407,JavaScript,69281
1243403407,CMake,64337
1243403407,HTML,59587
1243403407,Makefile,52736
1243403407,HIP,30980
1243403407,Vim Script,1828
1246944106,Python,32975
1246944106,Shell,443
1251735471,C#,151
1251735471,TypeScript,133
1251735471,JavaScript,118
1251735471,Java,117
1251735471,Python,111
1251735471,C++,100
1251735471,Go,82
1251735471,Rust,80
1251735471,C,76
1251735471,Kotlin,73
1251735471,PHP,70
1251735471,Dart,69
1251735471,Lua,68
1251735471,Swift,66
1251735471,Ruby,63
1251408358,C++,972
1234594222,C,62061
1234594222,C++,30398
1234594222,Makefile,7610
1234594222,Assembly,5533
1234594222,Linker Script,283
1234594222,Shell,149
1234563028,HTML,10408
1234563028,Python,2210
1234563028,Shell,2064
1234563028,Dockerfile,701
1251407798,C++,691
1251414580,C++,124
1251414580,Python,115
1251428500,C++,1073
1251707859,C#,146
1251707859,TypeScript,123
1251707859,Java,112
1251707859,JavaScript,108
1251707859,Python,101
1251707859,C++,95
1251707859,Go,77
1251707859,Rust,75
1251707859,C,71
1251707859,Kotlin,68
1251707859,PHP,65
1251707859,Dart,64
1251707859,Lua,63
1251707859,Swift,61
1251707859,Ruby,58
1225019919,Python,2493450
1225019919,TypeScript,391524
1225019919,Rust,30793
1225019919,CSS,27517
1225019919,JavaScript,12056
1225019919,HTML,4775
1225019919,Shell,4491
1225019919,PowerShell,1799
1224278666,Swift,370341
1224278666,Shell,12490
1224278666,Ruby,1294
1224819405,Zig,438201
1224819405,JavaScript,7314
1224819405,HTML,2803
1227927721,Python,17294150
1227927721,Jupyter Notebook,1424021
1227927721,Shell,1225443
1227927721,JavaScript,32290
1227927721,C++,29611
1227927721,HTML,14578
1227927721,Dockerfile,10348
1227927721,CSS,7270
1227927721,Jinja,5927
1227927721,C,2951
1227927721,Makefile,2288
1227927721,Batchfile,765
1227295189,TypeScript,80595
1224676514,Swift,143925
1224676514,Shell,7523
1224676514,Objective-C,458
1243090608,Rust,2213769
1243090608,Python,199293
1243090608,Just,1389
1251407860,C#,351
1251407860,Python,268
1251407860,C++,204
1226256828,Rust,3022415
1226256828,JavaScript,458146
1226256828,CSS,118343
1226256828,HTML,106306
1226256828,Python,28925
1226256828,Shell,1422
1226256828,Makefile,1123
1226256828,Standard ML,512
1240872088,Python,142928
1240872088,Jinja,21790
1240872088,HTML,8404
1240872088,Shell,2280
1238374602,Python,820209
1238374602,HTML,153063
1238374602,JavaScript,38334
1238374602,TeX,9201
1238374602,PowerShell,8376
1238374602,Shell,1532
1242473355,JavaScript,4406466
1242473355,HTML,281796
1242473355,Python,183801
1242473355,CSS,109470
1242473355,Shell,57397
1242473355,PowerShell,16030
1242473355,TypeScript,14702
1225609726,Python,14573
1230652236,Shell,38028
1230652236,C#,18127
1230652236,PowerShell,1933
1230652236,JavaScript,1731
1237564373,Shell,7575
1237903885,HTML,120612
1237903885,JavaScript,76554
1237903885,Shell,12899
1237903885,CSS,9424
1237903885,Dockerfile,680
1226874555,Python,7382
1242947514,Python,3342937
1242947514,TypeScript,2083407
1242947514,MDX,260948
1242947514,Jupyter Notebook,159455
1242947514,Shell,92160
1242947514,JavaScript,36348
1242947514,CSS,22059
1242947514,Makefile,15780
1242947514,Dockerfile,5440
1242947514,SCSS,3746
1242947514,Mako,1959
1242947514,Bru,663
1247189003,Python,9801
1247189003,Shell,263
1229759047,C++,661116
1229759047,Python,91354
1229759047,C,63048
1229759047,CMake,38565
1229759047,Assembly,21432
1230222350,Cuda,739517
1230222350,C++,248591
1230222350,Python,152674
1230222350,Shell,45164
1230222350,Makefile,4340
1230222350,C,616
1227334438,TypeScript,981410
1227334438,Vue,478303
1227334438,CSS,19371
1227334438,JavaScript,19301
1227334438,PLpgSQL,11686
1227334438,Shell,8650
1227334438,Dockerfile,1614
1227334438,HTML,1308
1244736035,Python,27524
1246861193,Python,23587
1246861193,Shell,324
1238129424,C++,51585
1238129424,C,51303
1245697002,JavaScript,107566
1230786104,JavaScript,83425
1230786104,Shell,12504
1245476031,Go,3725182
1245476031,TypeScript,3098290
1245476031,CSS,48921
1245476031,Python,14294
1245476031,JavaScript,4839
1245476031,Dockerfile,4301
1245476031,Makefile,1249
1233761415,Python,243522
1233761415,HTML,4790
1234743581,Python,62120
1234743581,Batchfile,4250
1234743581,Shell,3578
1229457915,Swift,94840
1229457915,Objective-C++,35408
1229457915,C,1095
1234289791,TypeScript,1193589
1234289791,Shell,7256
1234289791,Nix,1680
1234289791,Ruby,1449
1230402021,Rust,768257
1230402021,QML,578051
1230402021,Nix,17929
1230402021,GLSL,9501
1230402021,C++,6403
1230402021,JavaScript,2556
1230402021,Shell,1546
1247193229,Python,10327
1247193229,Shell,367
1226007284,TypeScript,546667
1226007284,CSS,74634
1226007284,JavaScript,5332
1232507805,Python,74704
1241219539,Rust,5164437
1241219539,Shell,12336
1241219539,Python,10584
1241219539,Ruby,2887
1236243908,Python,1038386
1239523067,Python,158151
1239523067,Shell,6812
1245926260,TypeScript,302925
1245926260,CSS,30991
1245926260,JavaScript,24933
1245926260,Shell,1474
1243665795,JavaScript,33832
1243665795,CSS,21510
1243665795,Shell,7669
1230153502,Python,18310
1230153502,Shell,11729
1228342438,Python,56393
1224703318,Python,2859385
1224703318,HTML,24356
1224703318,Batchfile,16430
1224703318,Jinja,9965
1239115006,TypeScript,50699
1230048805,Python,1406005
1230048805,Shell,5966
1230048805,Makefile,298
1230048805,TeX,271
1228117001,Python,646207
1228117001,JavaScript,79704
1228117001,Max,9147
1233079161,TypeScript,263737
1233079161,CSS,108155
1233079161,HTML,23316
1228998193,C++,1291
1228444255,GDScript,1005278
1228444255,Python,359724
1243106323,Python,84876
1238540491,Python,3105778
1238540491,C++,90677
1238540491,Cuda,46344
1238540491,Shell,44703
1228218068,Swift,243693
1228218068,Shell,4047
1233345211,TypeScript,1367325
1225277249,Python,4492100
1225277249,TypeScript,2359468
1225277249,Rust,64490
1225277249,Shell,25766
1225277249,CSS,25552
1225277249,Makefile,6576
1225277249,HTML,2401
1225277249,JavaScript,2015
1225277249,Mako,720
1232868008,Python,662934
1232868008,Shell,68936
1240495324,Rust,2793290
1240495324,Shell,5931
1240495324,Ruby,2942
1233680465,JavaScript,8200
1233680465,Shell,3086
1233680465,Python,2249
1225042084,JavaScript,29813
1225042084,CSS,14200
1225042084,HTML,8191
1231073746,TypeScript,163013
1231073746,Solidity,34779
1231073746,JavaScript,17670
1231073746,HTML,1581
1231073746,CSS,1054
1235980238,JavaScript,26096
1235980238,Shell,2194
1227675245,JavaScript,20901
1227675245,CSS,6206
1227675245,Python,6148
1250434340,HTML,192725
1250434340,Ruby,1291
1241987162,Go,484153
1241987162,TypeScript,60848
1241987162,JavaScript,27987
1241987162,HTML,920
1239264029,TypeScript,796288
1239264029,CSS,27338
1239264029,JavaScript,25341
1239264029,HTML,2944
1239264029,Dockerfile,2757
1247923238,C++,55220892
1247923238,C,31342484
1247923238,GLSL,5183753
1247923238,HTML,2432266
1247923238,JavaScript,674366
1247923238,Python,574994
1247923238,Makefile,256108
1247923238,CMake,210373
1247923238,Shell,205750
1247923238,Less,200665
1247923238,HLSL,142200
1247923238,CSS,112000
1247923238,Objective-C++,107088
1247923238,Assembly,88759
1247923238,C#,62444
1247923238,Rust,59242
1247923238,Objective-C,52894
1247923238,Lua,42273
1247923238,Roff,41438
1247923238,Pawn,16295
1247923238,Awk,15281
1247923238,Meson,14213
1247923238,Starlark,10759
1247923238,Brainfuck,8310
1247923238,Batchfile,4237
1247923238,Swift,4007
1247923238,Kotlin,1513
1247923238,Dockerfile,1074
1247923238,Cuda,905
1247923238,GDB,555
1224801485,Pascal,2959048
1224801485,Python,57204
1224801485,Shell,17433
1224801485,Makefile,6192
1224801485,Assembly,2272
1249635932,HTML,202733
1249635932,Python,11684
1249635932,CSS,7610
1249635932,JavaScript,1828
1247168706,Python,27520
1240642816,Shell,28754
1240642816,Dockerfile,1195
1249703818,TypeScript,258064
1249703818,CSS,546
1249703818,JavaScript,467
1241185049,Python,862054
1241185049,Shell,783
1241460042,TypeScript,118185
1241460042,JavaScript,236
1230077994,Python,2366988
1230077994,Nix,699
1244675210,C#,21165
1225941199,Python,434117
1225941199,HTML,140365
1225941199,PowerShell,8973
1225941199,Batchfile,261
1224762245,Rust,614337
1224762245,Shell,5302
1224762245,Python,3954
1224762245,JavaScript,3570
1250235788,Python,78541609
1250235788,MDX,419795
1250235788,Cuda,204026
1250235788,Dockerfile,43921
1250235788,Shell,24982
1250235788,C++,19093
1250235788,C,7703
1250235788,Makefile,5259
1250235788,Cython,3635
1250235788,Jsonnet,937
1233249417,Python,516424
1233249417,Shell,1846
1233249417,Dockerfile,1791
1240701554,JavaScript,223650
1240701554,CSS,26567
1232207193,Python,78547
1232207193,JavaScript,30229
1232207193,HTML,3279
1232207193,Shell,511
1224146882,JavaScript,48055
1224146882,CSS,10293
1224146882,HTML,5236
1230132368,TypeScript,27137
1230132368,CSS,7324
1230132368,JavaScript,446
1231129098,Python,32529720
1231129098,C,4338033
1231129098,C++,772878
1231129098,Rust,419721
1231129098,Java,15918
1231129098,C#,14717
1231129098,Perl,12442
1231129098,D,10569
1231129098,JavaScript,10497
1231129098,Go,10074
1231129098,Shell,7212
1248262230,Swift,157848
1248262230,Shell,6180
1248262230,Ruby,561
1234886021,Python,353817
1234886021,Shell,72609
1226750800,C++,73675
1226750800,QML,11775
1226750800,CMake,3750
1227184850,TypeScript,209755
1227184850,JavaScript,79
1227184850,CSS,23
1248482197,Python,348168
1242502853,JavaScript,182175
1242502853,HTML,63260
1242502853,Batchfile,141
1242502853,Shell,95
1236154506,JavaScript,165140
1236154506,CSS,46687
1236154506,HTML,33633
1233537327,Python,104095
1239112367,JavaScript,119914
1250283885,TypeScript,17488033
1250283885,Rust,1940166
1250283885,Python,1498191
1250283885,JavaScript,116955
1250283885,CSS,45821
1250283885,Shell,14899
1250283885,Dockerfile,13541
1250283885,PowerShell,9707
1250283885,HTML,8204
1238052114,JavaScript,11821
1238052114,Shell,569
1238052114,Batchfile,534
1234640578,Rust,312077
1234640578,Python,296310
1234640578,TypeScript,177783
1234640578,JavaScript,82938
1234640578,CSS,30276
1234640578,HTML,21876
1234640578,Makefile,866
1229246771,C++,692005
1229246771,PowerShell,49195
1229246771,CMake,14015
1229246771,Python,12389
1229246771,Batchfile,3284
1229246771,YARA,707
1246883374,TypeScript,8662
1241348291,C,45656
1241348291,Shell,18644
1241348291,Python,12528
1234816868,C++,737429
1234816868,CMake,2180
1228405179,HTML,433293
1228405179,CSS,100859
1228405179,Python,45418
1228405179,JavaScript,39081
1228405179,TypeScript,3877
1231611426,C,1785836
1231611426,Python,62599
1231611426,Assembly,12084
1231611426,Shell,4834
1231611426,Dockerfile,1386
1231611426,Makefile,615
1240111587,TypeScript,1823752
1240111587,Rust,1291133
1240111587,CSS,311431
1240111587,HTML,31157
1240111587,PLpgSQL,21021
1240111587,JavaScript,11413
1240111587,Python,8677
1240111587,Go,5428
1240111587,Shell,2649
1241263123,Python,425683
1241263123,Shell,10313
1241263123,Makefile,486
1227377102,Shell,23777
1231607252,HTML,30582
1231607252,Python,26462
1242164545,C#,639760
1242164545,ShaderLab,3443
1233729011,Python,283085
1233729011,TypeScript,152347
1233729011,CSS,11978
1233729011,JavaScript,1163
1233729011,HTML,1128
1233729011,Dockerfile,687
1234947296,Python,1664834
1234947296,HTML,204430
1234947296,Shell,7359
1234947296,PowerShell,1521
1242298712,HTML,21655
1242298712,JavaScript,7995
1228982152,TypeScript,79360
1239681676,TypeScript,206688
1239681676,JavaScript,3710
1228493290,Shell,16627
1227497140,Python,216035
1227497140,TypeScript,171209
1227497140,PowerShell,2194
1227497140,Shell,2165
1227497140,CSS,1579
1227497140,JavaScript,1217
1229218228,TypeScript,227770
1229218228,Shell,7703
1229218228,JavaScript,5882
1229218228,HTML,1326
1229218228,CSS,582
1241232409,TypeScript,110167
1241232409,CSS,5953
1241232409,HTML,315
1246869984,C#,21165
1246418196,Java,1678284
1246418196,JavaScript,208694
1246418196,HTML,13283
1246418196,Shell,12079
1246418196,CSS,11265
1246418196,Python,9407
1246418196,Batchfile,209
1231464982,Swift,126288
1231464982,Ruby,9739
1231464982,Shell,832
1241473098,TeX,63072
1241473098,Shell,31988
1241473098,Python,11395
1241473098,JavaScript,7901
1241473098,Makefile,5737
1228293041,Python,93449
1228293041,Makefile,276
1228931313,Python,33456
1225536774,C,246797
1225536774,Go,7837
1225536774,Makefile,5410
1225536774,Dockerfile,262
1240298954,TypeScript,89957
1230365005,JavaScript,700472
1230365005,Vue,469334
1230365005,HTML,112384
1230365005,SCSS,21797
1230365005,CSS,12027
1230365005,TypeScript,10675
1227754484,Python,271153
1227754484,JavaScript,15300
1227754484,PowerShell,3038
1227754484,Shell,1576
1248789121,C++,12117
1228366354,TypeScript,728603
1228366354,Python,197012
1228366354,CSS,7837
1228366354,JavaScript,559
1232550277,Svelte,414817
1232550277,TypeScript,406968
1232550277,CSS,12613
1232550277,JavaScript,8648
1232550277,HTML,902
1232550277,Dockerfile,897
1235577194,Python,38275
1230797184,Python,62918
1232036878,JavaScript,32892
1232036878,CSS,20841
1232036878,HTML,3905
1246899645,TypeScript,8662
1240364388,Python,3462374
1240364388,HTML,101688
1240364388,Shell,2326
1227591276,Python,20179
1227591276,Cuda,20139
1227591276,C,18802
1227591276,Shell,3024
1227591276,Makefile,813
1243389721,Python,69505
1241183189,Swift,212829
1241183189,Shell,6230
1225626176,TypeScript,607414
1225626176,JavaScript,62207
1225626176,Batchfile,10337
1225626176,HTML,1367
1225626176,CSS,389
1232750479,TypeScript,2228524
1232750479,JavaScript,384867
1232750479,Python,8647
1230533510,Rust,9243368
1230533510,C++,1483073
1230533510,C,1292884
1230533510,TypeScript,384247
1230533510,Go,29701
1230533510,Python,20019
1230533510,Shell,17649
1230533510,Dockerfile,8471
1230533510,CSS,7781
1230533510,Makefile,4217
1230533510,JavaScript,559
1232414163,Python,86433
1232414163,Shell,48365
1232414163,TypeScript,16893
1232414163,JavaScript,2368
1232414163,Dockerfile,292
1241933969,HTML,13687
1224261416,Shell,2760
1247864171,Python,978282
1247864171,Shell,14926
1230609956,C++,1558
1245318831,Java,1658008
1245318831,C++,89968
1245318831,HTML,27537
1245318831,CMake,5802
1245318831,C,80
1248414534,Rust,1565249
1241605321,JavaScript,2805836
1241605321,PowerShell,113300
1241605321,HTML,103905
1241605321,Shell,85556
1241605321,CSS,4198
1241605321,Python,1745
1246280805,Python,302714
1246280805,Shell,2196
1233550493,Go,11371869
1233550493,Shell,285575
1233550493,Makefile,25524
1233550493,Python,17713
1233550493,PowerShell,2600
1233550493,Dockerfile,668
1233550493,Batchfile,26
1241798106,HTML,69903
1241798106,Shell,18879
1235254657,Python,28249
1241441590,Python,512082
1241441590,HTML,247424
1241441590,Shell,4368
1241362619,TypeScript,2489795
1241362619,Go,584102
1241362619,SCSS,407097
1241362619,JavaScript,6840
1241362619,HTML,3037
1241362619,Shell,1944
1241362619,CSS,1674
1232763235,Python,743996
1232763235,Shell,3070
1250772522,Shell,972
1226595203,Go,90288
1226595203,JavaScript,13010
1226595203,Dockerfile,172
1224204306,JavaScript,1801
1242392922,TypeScript,860667
1225619975,Python,76951
1236276147,Python,108850
1238996909,Python,3887133
1238996909,Jupyter Notebook,1212391
1238996909,C,568481
1238996909,Shell,137718
1238996909,PDDL,75769
1238996909,Yacc,38288
1238996909,HTML,22544
1238996909,Lex,5270
1238996909,CSS,3514
1238996909,Makefile,1465
1252572275,C#,21165
1229107163,Python,9230
1238694393,TypeScript,9967077
1238694393,Python,3118888
1238694393,CSS,423858
1238694393,HTML,393228
1238694393,JavaScript,349385
1238694393,Shell,9425
1233021136,Python,751917
1233021136,Verilog,34999
1233021136,Tcl,16335
1233021136,Go Template,3347
1233021136,Smarty,1018
1246341681,JavaScript,472940
1227019873,TypeScript,1107283
1227019873,JavaScript,157454
1227019873,CSS,150394
1227019873,Python,142321
1227019873,HTML,7615
1236313121,Python,341024
1236313121,Shell,22604
1244270669,Jupyter Notebook,2767483
1244270669,Python,1458211
1244270669,Shell,44585
1226468870,C++,1746856
1226468870,C,24447
1252859272,Rust,273722
1252859272,Shell,4848
1252859272,Ruby,1357
1233045465,Python,28201
1239482897,Python,355789
1239482897,TypeScript,263946
1239482897,CSS,64059
1239482897,HTML,16116
1239482897,JavaScript,591
1239928176,TypeScript,471165
1239928176,JavaScript,115822
1239928176,HTML,57245
1239928176,CSS,8132
1241735931,HTML,1402
1224822906,JavaScript,116127
1224822906,CSS,20911
1224822906,HTML,6890
1235755086,Kotlin,4774032
1235755086,Java,1466883
1235755086,CSS,278931
1235755086,Shell,51000
1235755086,Batchfile,24492
1235755086,HTML,19150
1235755086,SCSS,7939
1235755086,PowerShell,6486
1235755086,Swift,5198
1235755086,FreeMarker,85
1232262005,JavaScript,203371
1240053393,Go,78459
1240053393,JavaScript,11646
1240053393,HTML,7511
1240053393,CSS,6072
1240053393,Dockerfile,516
1240053393,Shell,440
1240339384,HTML,451625
1240339384,Python,19440
1227691444,Python,2631856
1227691444,TypeScript,184559
1227691444,Shell,56462
1227691444,PLpgSQL,4098
1227691444,HTML,922
1235098228,C++,59161
1235098228,Inno Setup,2445
1235098228,CMake,1846
1235098228,C,66
1243062666,Jupyter Notebook,983954
1243062666,Python,752980
1243062666,Shell,11256
1225091943,Swift,162370
1227770819,TypeScript,400748
1227770819,HTML,33186
1227770819,JavaScript,23278
1252587660,C#,21165
1230281214,PowerShell,64163
1230281214,Python,49764
1230281214,Shell,49080
1230281214,Jupyter Notebook,14230
1228563482,Go,1341865
1228563482,TypeScript,527093
1228563482,CSS,16512
1228563482,PLpgSQL,12354
1228563482,HTML,8354
1228563482,Makefile,4749
1228563482,Dockerfile,3123
1228563482,JavaScript,1683
1233646374,Python,137971
1233646374,C,14301
1233646374,Batchfile,1923
1236103434,TypeScript,1994590
1236103434,Swift,1971402
1236103434,JavaScript,561477
1236103434,Kotlin,310480
1236103434,Shell,51829
1236103434,HTML,18113
1236103434,CSS,16534
1236103434,Python,11232
1236103434,Rust,8664
1236103434,Ruby,3023
1238956754,Rust,211294
1238956754,Shell,3478
1238956754,JavaScript,2179
1244664769,Java,4616147
1244664769,GLSL,8441
1244664769,Shell,3919
1233398203,HTML,661510
1233398203,Go,637312
1233398203,CSS,24998
1233398203,JavaScript,5711
1233398203,Makefile,2072
1233398203,Dockerfile,278
1246255325,Python,1768758
1246255325,TypeScript,1226914
1246255325,CSS,230224
1246255325,JavaScript,57102
1246255325,Solidity,10215
1246255325,PLpgSQL,5639
1246255325,Shell,5299
1246255325,HTML,4916
1246255325,Dockerfile,639
1246255325,PowerShell,327
1243151221,TypeScript,756833
1243151221,CSS,329484
1243151221,Go,175946
1243151221,JavaScript,116795
1243151221,Kotlin,30695
1243151221,NSIS,13156
1243151221,Shell,8501
1243151221,HTML,1174
1246854841,TypeScript,8662
1234262086,Python,442793
1234262086,Shell,3641
1242620513,Python,1512567
1242620513,JavaScript,38042
1242620513,PowerShell,1590
1242620513,Shell,1075
1242620513,Dockerfile,457
1232425850,JavaScript,346856
1232425850,Python,7611
1232425850,Shell,2581
1236565399,TypeScript,391544
1236565399,JavaScript,37290
1236565399,CSS,4532
1236565399,Astro,1861
1236565399,HTML,693
1236565399,Dockerfile,625
1237885983,JavaScript,40266
1237885983,Shell,411
1252613274,C#,21165
1234260709,Python,224866
1234260709,HTML,16167
1234260709,CSS,13545
1234260709,Shell,13429
1234260709,JavaScript,9197
1234260709,PowerShell,164
1233959269,Rust,113751
1234464255,C++,1229202
1234464255,Python,502674
1234464255,QML,40393
1234464255,CMake,14980
1234464255,Shell,1686
1238942562,JavaScript,1060
1225538151,TypeScript,110193
1225538151,CSS,43753
1225538151,JavaScript,1975
1225538151,HTML,370
1232769331,TypeScript,44104
1232769331,Shell,9007
1242859073,Shell,48760
1229268651,TypeScript,1395273
1229268651,JavaScript,104489
1229268651,Shell,36016
1234192163,TypeScript,60280
1234192163,Shell,5455
1225780897,Go,54622
1225780897,Shell,10838
1225780897,PowerShell,10222
1232011320,Go,1137815
1232011320,TypeScript,396945
1232011320,Vue,373233
1232011320,SCSS,114214
1232011320,JavaScript,31730
1232011320,Python,10403
1232011320,Shell,6131
1232011320,Dockerfile,4047
1232011320,Makefile,2350
1232011320,HTML,941
1234248168,C,390571
1234248168,Python,47539
1234248168,C++,46045
1234248168,Shell,37559
1234248168,Assembly,25303
1234248168,Makefile,4012
1234248168,TeX,2835
1226415818,Python,330363
1236570104,Python,32076
1252624187,C#,21165
1226053849,C,109051
1226053849,HTML,76892
1226053849,JavaScript,27531
1226053849,CSS,14786
1226053849,Makefile,7874
1226053849,Shell,6942
1226053849,Python,672
1242538068,C#,61336
1249785700,Python,5864
1235863714,JavaScript,234074
1235863714,HTML,102699
1235863714,CSS,19741
1246109683,JavaScript,386
1246711970,TypeScript,90129
1246711970,JavaScript,50821
1246711970,Dockerfile,885
1252598296,C#,21165
1235933862,Go,165199
1235933862,Kotlin,68428
1235933862,Shell,37586
1235933862,TypeScript,35845
1235933862,Swift,27885
1235933862,CSS,9168
1235933862,JavaScript,8427
1235933862,HTML,5049
1228857499,Dart,678134
1228857499,C++,32062
1228857499,CMake,19897
1228857499,Shell,16516
1228857499,Python,15002
1228857499,JavaScript,10783
1228857499,Swift,4083
1228857499,C,1488
1228857499,Ruby,1389
1227195038,TypeScript,215825
1227195038,Rust,183400
1227195038,CSS,69353
1227195038,PowerShell,6056
1227195038,JavaScript,2345
1227195038,HTML,294
1237521047,TypeScript,2033130
1237521047,JavaScript,63735
1237521047,Shell,21632
1237521047,PowerShell,9379
1229168963,TypeScript,43515
1232536489,Python,1089559
1232536489,Cuda,313094
1232536489,C++,42345
1232536489,Shell,15921
1232536489,Makefile,8297
1232536489,Batchfile,7253
1232536489,C,3898
1232536489,HTML,3014
1232536489,TeX,806
1228622177,Shell,52654
1237573710,Lean,1760304
1251186602,Python,725317
1251186602,Shell,12979
1228170856,Python,279125
1228170856,TypeScript,84997
1228170856,CSS,3324
1228170856,HTML,792
1228170856,Dockerfile,770
1228170856,JavaScript,591
1234829540,HTML,47276
1234829540,Go,44516
1234829540,JavaScript,2979
1234650611,HTML,42367
1234650611,Python,16875
1232776063,Python,4141035
1232776063,Shell,304886
1232776063,Jinja,5927
1231961643,Python,471704
1233037001,Python,451228
1233037001,HTML,28271
1233037001,CSS,18004
1233037001,JavaScript,17595
1233037001,Dockerfile,1753
1226549459,TypeScript,99096
1226549459,Shell,1706
1233906435,TypeScript,29474
1233906435,JavaScript,1141
1233906435,Shell,775
1248992033,HTML,715896
1248992033,JavaScript,83178
1248992033,CSS,30640
1248992033,Python,4448
1238014325,Go,57130
1238426733,C++,182983
1235313065,Python,1204116
1235313065,TypeScript,331126
1235313065,CSS,63400
1235313065,Makefile,3924
1235313065,JavaScript,2736
1235313065,Dockerfile,2605
1235313065,HTML,306
1235093115,PLpgSQL,1635421
1235093115,C,978775
1235093115,Python,470696
1235093115,Shell,5886
1235093115,CMake,3275
1235093115,Makefile,2810
1235093115,Dockerfile,1277
