repo_id,topic
1241960226,agent
1241960226,code-review
1241960226,code-review-assistant
1241960226,harness
1241960226,repository-level-context
1246839757,security
1248194723,dpi
1248194723,gpui
1248194723,hid
1248194723,hidpp
1248194723,local-first
1248194723,logitech
1248194723,logitech-mouse
1248194723,logitech-options
1248194723,mouse-remapping
1248194723,mx-master
1248194723,privacy
1248194723,rust
1248194723,smartshift
1244911834,golang
1244911834,package-inventory
1244911834,supply-chain-security
1251775733,ai-agent
1251775733,chinese
1251775733,codex-skill
1251775733,handdrawn
1251775733,illustration
1251775733,image-generation
1251775733,xiaohei
1239459981,command-line-tool
1239459981,coreutils
1239459981,gnu-coreutils
1246625636,claude-code
1246625636,context-engineering
1246625636,meta-prompting
1246625636,spec-driven-development
1251263546,agent-skill
1251263546,ai-agent
1251263546,anthropic
1251263546,claude-code
1251263546,claude-skill
1251263546,codex
1251263546,editorial-design
1251263546,html-template
1251263546,image-generation
1251263546,playwright
1251263546,rednote
1251263546,social-cards
1251263546,swiss-design
1251263546,wechat
1251263546,xiaohongshu
1250822765,ai-agent
1250822765,apache-2
1250822765,coding-agent
1250822765,css
1250822765,ffmpeg
1250822765,html
1250822765,mp4
1250822765,open-design
1250822765,open-source
1250822765,video
1250822765,video-generation
1250822765,html-to-video
1250822765,hyperframes
1250822765,programmatic-video
1250822765,video-as-code
1257699593,ads-b
1257699593,aircraft
1257699593,art-installation
1257699593,flight-tracker
1257699593,projector
1257699593,raspberry-pi
1257699593,react
1257699593,rtl-sdr
1257699593,typescript
1266797999,agent-skills
1266797999,ai-agents
1266797999,claude
1266797999,claude-code
1266797999,claude-code-plugin
1266797999,cursor-rules
1266797999,developer-tools
1266797999,llm
1266797999,prompt-engineering
1266797999,yagni
1254681752,discord-tools
1254681752,multitool
1254681752,discord-joiner
1254681752,discord-multi-tool
1254681752,discord-multitool
1254681752,discord-multitools
1254681752,discord-nuke-bot
1254681752,discord-nuker
1254681752,discord-nukers
1254681752,discord-raid
1254681752,discord-raid-tool
1254681752,discord-raider
1254681752,discord-token-gen
1254681752,discord-token-generator
1254681752,discord-tool
1254681752,multi-tools
1254681752,token-generator
1254681752,token-joiner
1254681752,token-nuker
1244071529,baas
1244071529,backend-as-a-service
1244071529,mcp
1244071529,open-source
1244071529,postgres
1244071529,supabase-alternative
1244071529,typescript
1240191065,agent-skills
1240191065,agentic-workflows
1240191065,ai-agents
1240191065,codex
1240191065,mcp
1240191065,prompt-engineering
1240191065,agents
1240191065,codex-skill
1240191065,agent-skill
1240191065,anthropic
1240191065,claude
1240191065,claude-code
1239918790,agent
1239918790,ai
1239918790,multiplexer
1239918790,rust
1239918790,cli
1239918790,linux
1239918790,macos
1239918790,multiplexers
1239918790,powershell
1239918790,ratatui
1239918790,terminal
1239918790,tokio
1239918790,windows
1239371359,open-source
1239371359,tinyfish
1239371359,bigset
1241425259,ai
1241425259,ai-agents
1241425259,skills
1247201816,architecture-decision-records
1247201816,architecture-patterns
1247201816,backend
1247201816,c4-model
1247201816,design-patterns
1247201816,distributed-systems
1247201816,interview-preparation
1247201816,learning-resources
1247201816,microservices
1247201816,scalability
1247201816,software-architecture
1247201816,software-engineering
1247201816,system-design
1247201816,system-design-interview
1247201816,ai-agents
1247201816,awesome-list
1247201816,ai-coding
1247201816,ai-native
1247201816,llm
1247201816,rag
1241990700,large-language-models
1241990700,pretraining
1241990700,hierarchical-reasoning-model
1241990700,hrm
1242316635,ai-humanize
1242316635,ai-humanizer
1242316635,gptzero-bypass
1242316635,humanize-ai
1242316635,humanizer
1242316635,humanize-ai-text
1242316635,humanize-text
1242316635,ai-detection
1242316635,ai-tools
1242316635,dify
1242316635,n8n
1242316635,openclaw
1239459771,image-editing
1239459771,image-generation
1239459771,image-understanding
1239459771,video-generation
1239459771,video-understanding
1239459771,unified-multimodal-models
1249866465,anti-cheat-safe
1249866465,base64
1249866465,deltaforce
1255412388,ai-memory
1255412388,context-injection
1255412388,docker
1255412388,ground-truth
1255412388,hermes-agent
1255412388,local-first
1255412388,open-source
1255412388,persistent-memory
1255412388,qdrant
1255412388,rag
1255412388,self-hosted
1255412388,vector-database
1265107923,apple-intelligence
1261650101,agent-skills
1261650101,claude
1261650101,claude-code
1261650101,claude-design
1261650101,cursor
1261650101,design
1261650101,prototyping
1261650101,ui-design
1248955957,ai
1248955957,ai-agents
1248955957,claude
1248955957,claude-code
1248955957,cli
1248955957,codex
1248955957,developer-tools
1248955957,lazy
1248955957,oh-my-openagent
1248955957,omo
1248955957,openai
1248955957,orchestration
1248955957,typescript
1248955957,lazycodex
1250575980,ai
1250575980,gemini
1250575980,image-generation
1250575980,nano-banana
1250575980,nextjs
1250575980,openrouter
1250575980,outpainting
1250575980,poisson-blending
1250575980,tailwindcss
1250575980,typescript
1240673690,asr
1240673690,robust
1242354790,acp
1242354790,agent
1242354790,agent-client-protocol
1242354790,agentic-ai
1242354790,ai
1242354790,cli
1242354790,command-line
1242354790,console
1242354790,copilot
1242354790,terminal
1242354790,windows
1242354790,windows-terminal
1252258448,ai-agents
1252258448,anthropic
1252258448,claude-code
1252258448,cli
1252258448,cursor
1252258448,duel-agents
1252258448,llm
1252258448,npm
1252258448,openai-compatible
1252258448,openclaw
1252258448,sdk
1252258448,typescript
1242679355,anthropic
1242679355,bgh
1242679355,claude-skills
1242679355,dsgvo
1242679355,german-law
1242679355,kanzlei
1242679355,legal-ai
1242679355,legaltech
1242679355,deutsches-recht
1250957639,agentic
1250957639,ai-agents
1250957639,ai-coding-assistant
1250957639,ai-development
1250957639,ai-workflow
1250957639,anthropic
1250957639,claude
1250957639,claude-code
1250957639,cli-tools
1250957639,code-quality
1250957639,codex
1250957639,coding-agents
1250957639,cursor
1250957639,developer-tools
1250957639,llm
1250957639,openai
1250957639,prompt-engineering
1250957639,typescript
1250957639,vibe-coding
1250957639,vibecoding
1246534911,blackhole
1246534911,claude-code
1246534911,ghostty
1249107749,adhd
1249107749,agents
1249107749,ai
1249107749,ai-agents
1249107749,brainstorm
1249107749,chain-of-thought
1249107749,claude
1249107749,claude-agent-sdk
1249107749,creativity
1249107749,divergent-thinking
1249107749,ideation
1249107749,interdisciplinary
1249107749,llm
1249107749,llm-tools
1249107749,nodejs
1249107749,prompt-engineering
1249107749,tree-of-thought
1249107749,typescript
1257533286,observability
1257533286,opentelemetry
1257533286,ai
1257533286,llm
1257533286,memory
1257533286,skills
1257533286,react
1257533286,typescript
1257533286,self-hosted
1251648409,data-science
1251648409,geospatial
1251648409,maplibre
1251648409,maplibre-gl-js
1251648409,tauri-app
1251648409,duckdb
1264478656,agent-skills
1264478656,skills
1255852666,agents-md
1255852666,ai
1255852666,ai-agents
1255852666,documentation
1253322436,video-editing
1253322436,video-generation
1253322436,image-editing
1253322436,image-generation
1251086916,ai-agent
1251086916,automation
1251086916,cli
1251086916,cli-anything
1251086916,com
1251086916,office
1251086916,python
1251086916,windows
1251086916,wps
1245114544,animated-wallpaper
1245114544,desktop-wallpaper
1245114544,macos
1245114544,macos-wallpaper
1239594204,bot
1239594204,review
1245136531,diffusion-decoder
1245136531,pixel-diffusion
1261422007,agent-skills
1261422007,ai
1261422007,claude
1261422007,claude-code
1261422007,code-review
1261422007,codex
1261422007,skills-sh
1261422007,woocommerce
1261422007,wordpress
1254102663,ai-image-generation
1254102663,codex
1254102663,codex-skill
1254102663,open-source
1254102663,prompt-engineering
1253236308,accessibility
1253236308,agent-readiness
1253236308,astro
1253236308,cloudflare-pages
1253236308,llms-txt
1253236308,mcp
1253236308,seo
1253236308,specification
1253236308,web-security
1253236308,web-standards
1253236308,well-known
1248697773,witch-hat-atelier
1262714152,ai-video
1262714152,content-automation
1262714152,creator-tools
1262714152,edge-tts
1262714152,fastapi
1262714152,moviepy
1262714152,short-video
1262714152,streamlit
1262714152,trend-analysis
1262714152,ai-agents
1262714152,trend-to-video
1262714152,chrome-extension
1262714152,trend-intelligence
1262714152,content-execution
1245933910,cheato
1245933910,cheeto
1245933910,computer-vision
1245933910,fishingbot
1245933910,maaframework
1245933910,macro
1245933910,neverness-fishing
1245933910,neverness-to-everness
1245933910,neverness-to-everness-cheat
1245933910,neverness-to-everness-software
1245933910,nevernesstoeverness
1245933910,nte
1245933910,nte-auto-fish
1245933910,nte-cheat
1245933910,nte-ray-tracing
1245933910,ok-nte
1245933910,oknte
1245933910,screen-recognition
1249983772,fastapi
1249983772,langchain
1249983772,rag
1249983772,vue
1262603912,agent
1262603912,agent-harness
1262603912,agentic-ai
1262603912,harness-engineering
1262603912,inference
1262603912,kvcache
1262603912,llm
1262603912,token
1262603912,tokenmaxxing
1262603912,loop-engineering
1249045671,docker
1249045671,gpu
1249045671,homelab
1249045671,monitoring
1249045671,nvidia
1249045671,self-hosted
1249045671,vram
1249045671,ai-infrastructure
1249045671,llm
1249045671,ollama
1249045671,dashboard
1249045671,gpu-monitoring
1249045671,sysadmin
1249045671,local-ai
1249045671,agentic
1249045671,ai-agents
1249045671,claude
1249045671,mcp
1249045671,mcp-server
1249045671,model-context-protocol
1266790372,gemma
1266790372,image-generation
1266790372,interactive-fiction
1266790372,local-llm
1266790372,nextjs
1266790372,ollama
1266790372,on-device-ai
1266790372,roleplay
1247572002,casino-bonus-2026
1247472315,nas
1247472315,oss
1247472315,s3-compatible
1247472315,s3-storage
1247472315,telegram
1247472315,webdav
1241042873,app
1241042873,design
1241042873,designer
1241042873,forza
1241042873,game
1241042873,groups
1241042873,vinyl
1241042873,forzahorizon6
1241042873,forzahorizon4
1241042873,forzahorizon5
1241042873,forzahorizon3
1241042873,assetto
1241042873,assetto-corsa
1241042873,assetto-corsa-competizione
1241042873,corsa
1241042873,forza-horizon-3
1241042873,forza-horizon-4
1241042873,forza-horizon-5
1241042873,forza-horizon-6
1242648903,computer-vision
1242648903,count-anything
1242648903,object-counting
1242648903,object-detection
1242648903,open-vocabulary
1242648903,vision-foundation-model
1242648903,vision-language-model
1242899551,ai-agents
1242899551,anthropic
1242899551,claude-code
1242899551,claude-skill
1242899551,design-system
1242899551,design-tokens
1242899551,dtcg
1242899551,figma
1242899551,playwright
1256135527,ai-tools
1256135527,claude-code
1256135527,claude-cowork
1256135527,feynman-technique
1256135527,karpathy
1256135527,knowledge-base
1256135527,llm-wiki
1256135527,note-taking
1256135527,obsidian
1256135527,personal-knowledge-management
1256135527,pkm
1256135527,second-brain
1256135527,student-tools
1256135527,study-tools
1244409089,open-webui
1254634197,android
1254634197,anti-detection
1254634197,arm64
1254634197,frida
1254634197,gki
1254634197,injection
1254634197,kernel-module
1254634197,ptrace-free
1249535239,ai-sdk
1249535239,incident-response
1249535239,nextjs
1249535239,postgres
1249535239,rag
1249535239,sre
1249535239,supabase
1249535239,typescript
1249535239,deepseek
1249535239,llm-evaluation
1249535239,pgvector
1249535239,llm
1249535239,mcp
1249535239,prompt-engineering
1249535239,vercel
1256905546,api-auth
1256905546,api-authentication
1256905546,api-key
1256905546,api-key-management
1256905546,api-token
1256905546,ory
1261117984,ai-writing
1261117984,chinese-writing
1261117984,codex-skill
1261117984,de-ai-writing
1261117984,humanizer
1261117984,writing-skill
1261117984,ai-flavor
1261117984,ai-writing-humanizer
1261117984,chinese-humanizer
1261117984,remove-ai-flavor
1261117984,ai-humanizer
1261117984,anti-ai-slop
1261117984,anti-ai-writing
1261117984,claude-code-skill
1261117984,ai-writing-patterns
1261117984,avoid-ai-writing
1261117984,chinese-ai-writing
1261117984,remove-ai-writing
1261117984,text-humanizer
1261117984,aigc-humanizer
1258994637,ai-illustration
1258994637,chinese-content
1258994637,codex-skill
1258994637,prompt-engineering
1258994637,xiaohei
1258994637,ai-agent
1258994637,illustration
1258994637,image-generation
1258994637,long-scroll
1258994637,real-object
1244782513,ai
1244782513,api-gateway
1244782513,llm
1244782513,openai
1244782513,typescript
1244782513,vercel
1244782513,api-relay
1244782513,edge-runtime
1244782513,llm-gateway
1244782513,one-click-deploy
1244782513,openai-compatible
1244782513,serverless
1242452251,markdown
1242452251,note-taking
1242452251,note-taking-app
1242452251,notes-app
1245790592,cs336
1245790592,llm
1245790592,pytorch
1248670681,agent-orchestration
1248670681,multi-agent
1248670681,pipeline
1248670681,python
1248670681,workflow-automation
1248670681,workflow-engine
1248670681,zero-dependency
1242792159,agent-memory
1242792159,columnar
1242792159,cypher
1242792159,gql
1242792159,graph-database
1242792159,graphrag
1242792159,lsm-tree
1242792159,object-storage
1242792159,rust
1242792159,s3
1240483776,claude-code
1240483776,codex
1240483776,development
1240483776,skills
1240483776,software-engineering
1240483776,workflow
1242924666,anthropic
1242924666,islam
1242924666,nextjs
1242924666,open-source
1242924666,quran
1242924666,reactflow
1242924666,typescript
1242924666,quran-study
1268441659,bubbletea
1268441659,cli
1268441659,client-go
1268441659,devops
1268441659,go
1268441659,golang
1268441659,k8s
1268441659,k9s
1268441659,kubectl
1268441659,kubernetes
1268441659,terminal
1268441659,tui
1248139940,agent
1248139940,claude-code
1248139940,codex
1248139940,cursor
1248139940,harness
1248139940,harness-ai
1248139940,harness-engineering
1248139940,loop-engineering
1248139940,mcp
1248139940,mcp-tools
1248139940,vscode-extension
1248139940,mimo-code
1248139940,mimocode
1248139940,opencode
1248139940,opencode-ai
1248139940,opencode-plugin
1239797781,ai-assisted
1239797781,android-security
1239797781,bytecode-vm
1239797781,cryptography
1239797781,frida
1239797781,llm
1239797781,mobile-security
1239797781,ollvm
1239797781,reverse-engineering
1239797781,security-research
1239797781,tiktok
1245272377,agent-skills
1245272377,ai
1245272377,ai-agents
1245272377,cli
1245272377,cto
1245272377,deep-research
1245272377,mcp
1245272377,system-design
1240720849,ai-agent
1240720849,c2c
1240720849,claude-code
1240720849,depop
1240720849,ebay
1240720849,mcp-server
1240720849,python
1240720849,resale
1240720849,second-hand
1240720849,xianyu
1254693726,bounty
1254693726,cli
1254693726,developer-tools
1254693726,github
1254693726,open-source
1254693726,oss
1254693726,pull-requests
1254693726,triage
1259939911,ai
1259939911,automation
1259939911,code-generation
1259939911,developer-tools
1259939911,llm
1259939911,plugin
1259939911,typescript
1259939911,workflow
1251908803,agents-md
1251908803,ai-skills
1251908803,aider
1251908803,anthropic
1251908803,claude-code
1251908803,cline
1251908803,llm-agents
1251908803,openai
1251908803,opencode
1251908803,prompt-caching
1251908803,prompt-engineering
1251908803,roo-code
1257184479,ai-agent
1257184479,ai-platform
1257184479,employment
1257184479,future-of-work
1257184479,governance
1257184479,job-matching
1257184479,nestjs
1257184479,nextjs
1257184479,open-source
1257184479,postgresql
1257184479,public-service
1257184479,rag
1257184479,react
1257184479,skill-matching
1257184479,workforce-management
1262842296,ai-coding-agent
1262842296,anthropic
1262842296,context-compression
1262842296,cost-reduction
1262842296,developer-tools
1262842296,llm
1262842296,openai
1262842296,proxy
1262842296,python
1262842296,token-optimization
1255813811,document-editor
1255813811,document-management
1255813811,docx
1255813811,microsoft-office
1255813811,microsoft-word
1255813811,office
1255813811,office-suite
1255813811,vba
1255813811,vba-word
1255813811,word-processing
1255813811,word-processor
1255353564,disk-serial-spoof
1255353564,game-spoofing
1255353564,hardware-id-change
1255353564,hardware-spoof
1255353564,hardware-spoof-suite
1255353564,hardware-spoofing
1255353564,kernel-driver
1255353564,mac-address-changer
1255353564,mac-spoofing
1255353564,machine-spoof-core
1255353564,privacy-tool
1255353564,spoof
1255353564,spoof-detected
1255353564,spoofer-hwid-premium
1255353564,spoofer-tools
1255353564,spoofing
1255353564,spoofing-detection
1255353564,system-anonymizer
1249421182,algo-trading
1249421182,aster-dex
1249421182,asterdex
1249421182,automated-trading
1249421182,crypto-bot
1249421182,crypto-trading-bot
1249421182,cryptocurrency
1249421182,decentralized-exchange
1249421182,defi
1249421182,dex-trading-bot
1249421182,futures-trading
1249421182,perp-trading
1249421182,perpetual-trading
1249421182,trading-bot
1249421182,typescript
1249421182,fapi-bot
1254978612,cleaner
1254978612,disk-usage
1254978612,macos
1254978612,mcp
1254978612,menubar
1254978612,mole
1254978612,open-source
1254978612,swift
1254978612,swiftui
1254978612,system-monitor
1250818845,acupuncture
1250818845,agent-skills
1250818845,claude-code-skills
1250818845,codex-skill
1250818845,nihaixia
1250818845,shennong
1250818845,tcm
1250818845,tcmcp
1250818845,traditional-chinese-medicine
1250818845,traditional-chinese-medicine-healthcare
1250818845,nihaisha
1250818845,nishi
1246600517,context-engineering
1246600517,meta-prompting
1246600517,spec-driven-development
1250579716,astrology
1250579716,astronomy
1250579716,ephemeris
1250579716,rust
1250579716,vedic
1245733063,agents
1245733063,ai-scientists
1245733063,long-running-agents
1245733063,self-evolving-agents
1245733063,self-organizing
1245733063,ai-for-science
1245733063,ai-for-scientific-discovery
1245733063,automated-science
1239434866,agent-simulation
1239434866,fastapi
1239434866,isometric
1239434866,litellm
1239434866,llm
1239434866,pathfinding
1239434866,react-three-fiber
1239434866,retail
1239434866,synthetic-data
1239434866,three-js
1254696756,audio-editor
1254696756,browser-based
1254696756,client-side
1254696756,ffmpeg-wasm
1254696756,javascript
1254696756,local-first
1254696756,media-processing
1254696756,offline-first
1254696756,open-source
1254696756,privacy-first
1254696756,progressive-web-app
1254696756,pwa
1254696756,video-editor
1254696756,video-processing
1254696756,wasm
1254696756,web-cli
1254696756,web-worker
1254696756,webassembly
1254696756,zero-upload
1244665294,c
1244665294,cybersecurity
1244665294,linux
1244665294,poc
1244665294,python
1244665294,python3
1244665294,vulnerability
1248747220,aigc
1248747220,multi-agent
1248747220,robotics
1248747220,video-game
1248747220,worldmodel
1258621567,dev-environment
1258621567,docker
1258621567,isolation
1258621567,preview
1258621567,preview-environment
1258621567,sandbox
1258621567,self-hosted
1258621567,ai
1258621567,ai-agent
1258621567,pinokio
1262897325,reinforcement-learning
1262897325,ai-infrastructure
1262897325,sglang
1262897325,vllm
1239864142,ai-agents
1239864142,hermes-agent
1239864142,multi-agent
1239864142,vps
1239864142,agent-control-room
1264265489,ai-detection
1264265489,ai-detection-bypasser
1264265489,ai-humanizer
1264265489,humanizer
1264265489,humanizer-de
1264265489,text-humanizer
1264265489,humanizer-ai
1239522492,agent
1239522492,agentic
1239522492,agentic-ai
1239522492,context
1239522492,llm
1239522492,memory
1239522492,models
1239522492,personal-ai
1239522492,self-evolution
1245952606,codex
1245952606,codex-skill
1245952606,editable-ppt
1245952606,image-to-ppt
1245952606,imagegen
1245952606,multi-agent
1245952606,pdf-to-pptx
1245952606,powerpoint
1245952606,pptx
1245952606,presentation
1240022612,file-transfer
1240022612,open-source
1240022612,p2p
1240022612,privacy
1240022612,peer-to-peer
1240022612,cross-platform
1240022612,hole-punching
1240022612,data-transfer
1240022612,decentralized
1240022612,file-sharing
1240022612,privacy-tools
1255237198,agents
1255237198,claude-code
1255237198,free
1255237198,harness
1255237198,harness-engineering
1255237198,memory
1259194283,drive
1259194283,gateway
1259194283,google
1259194283,storage
1248129407,3d-human-pose
1248129407,computer-vision
1248129407,cpp
1248129407,cuda
1248129407,ggml
1248129407,motion-capture
1248129407,onnx
1248129407,opengl
1248129407,pose-detection
1248129407,pose-estimation
1248129407,pose-tracking
1248129407,real-time
1248129407,sam-3d-body
1248129407,bvh
1248129407,multi-person-pose-estimation
1258992633,bilibili
1258992633,chrome-extension
1258992633,launchd
1258992633,macos
1258992633,manifest-v3
1258992633,privacy-friendly
1258992633,video-downloader
1258992633,youtube-dl
1258992633,yt-dlp
1239473321,ai
1239473321,chatgpt
1239473321,chinese
1239473321,claude
1239473321,deepseek
1239473321,desktop-app
1239473321,dynamic-island
1239473321,llm
1239473321,macos
1239473321,menu-bar-app
1239473321,swift
1239473321,swiftui
1264531337,agent
1264531337,ai
1264531337,claude
1264531337,codex
1264531337,electron
1264531337,file-manager
1264531337,local-first
1264531337,macos
1264531337,terminal
1264531337,vibe-coding
1242312297,app-store
1242312297,growth
1242312297,ios
1242312297,mobile-apps
1242312297,monetization
1242312297,onboarding
1242312297,paywall
1242312297,pricing
1242312297,product-management
1242312297,revenue
1242312297,saas
1242312297,subscription
1242312297,ux-design
1242312297,app-business
1242312297,subscription-apps
1241158851,game-assets
1241158851,icon
1241158851,icon-pack
1241158851,icons
1241158851,rounded-corners
1241158851,svg
1241158851,svg-icons
1240872088,bitsandbytes
1240872088,fine-tuning
1240872088,gpu
1240872088,hugging-face
1240872088,llm
1240872088,lora
1240872088,memory-estimation
1240872088,peft
1240872088,pytorch
1240872088,qlora
1240872088,transformers
1240872088,vram
1254447363,cuda
1254447363,gpu
1254447363,laptop
1254447363,linux
1254447363,memory
1254447363,nbd
1254447363,nvidia
1254447363,swap
1254447363,vram
1261137494,3d-engine
1261137494,console-app
1261137494,csharp
1261137494,dotnet
1261137494,game-engine
1261137494,game-engine-3d
1261137494,multiplayer
1261137494,raycasting
1261137494,raycasting-engine
1261137494,tcp-socket
1261137494,custom-network-protocol
1240944626,ai-agents
1240944626,automation
1240944626,chrome
1240944626,cli
1240944626,cookies
1240944626,golang
1240944626,macos
1240944626,tailscale
1246721062,claude-code
1246721062,codex
1246721062,data-visualization
1246721062,llm-agents
1246721062,matplotlib
1246721062,paper-figures
1246721062,plotting
1246721062,python
1246721062,research-tools
1246721062,scientific-visualization
1246721062,agent
1246721062,agent-skills
1246721062,skill
1255069527,ai
1255069527,ai-agents
1255069527,bugbounty
1255069527,penetration-testing
1255069527,security-audit
1255069527,security-automation
1243782787,library
1243782787,nitro
1243782787,parallel
1243782787,performance
1243782787,react-native
1243782787,runtimes
1243782787,threading
1243782787,worklets
1239965927,cpp
1239965927,directx
1239965927,enhancement
1239965927,gaming-tool
1239965927,gta-5
1239965927,imgui
1239965927,open-source
1239965927,trainer
1239965927,utility
1239965927,windows
1245355924,data-engineering
1245355924,data-integration
1245355924,data-pipeline
1245355924,data-quality
1245355924,desktop-app
1245355924,drag-and-drop
1245355924,duckdb
1245355924,elt
1245355924,embedded
1245355924,etl
1245355924,local-first
1245355924,react
1245355924,rust
1245355924,sql
1245355924,tauri
1245355924,typescript
1245355924,vector-database
1258545945,activator
1258545945,cloud-office
1258545945,free-office
1258545945,massgravel
1258545945,microsoft-365
1258545945,microsoft-365-free
1258545945,microsoft-365-pro
1258545945,microsoft-office-365-activator
1258545945,microsoft-office-365-product-key-generator
1258545945,microsoft-suite
1258545945,microsoft365
1258545945,office365
1258545945,onedrive
1258545945,productivity
1258545945,subscription
1258545945,windows-10-pro-activator-kms
1240535795,gameenhancement
1240535795,openworldtools
1240535795,luauiframework
1240535795,sandboxextensions
1240535795,runtimeoverlay
1258377532,ai
1258377532,fronted
1258377532,nextjs
1258377532,skills
1258377532,claude-code
1258377532,codex
1258377532,copilot
1258377532,cursor
1245256564,ai-agent
1245256564,desktop-app
1245256564,hermes-agent
1245256564,react
1245256564,rust
1245256564,tauri
1245256564,typescript
1250894540,appkit
1250894540,cleanmymac
1250894540,cleanmymac-alternative
1250894540,darwin
1250894540,disk-cleaner
1250894540,duplicate-finder
1250894540,homebrew-cask
1250894540,mac-cleaner
1250894540,mac-utility
1250894540,macos
1250894540,macos-app
1250894540,malware-scanner
1250894540,no-subscription
1250894540,open-source
1250894540,privacy
1250894540,swift
1250894540,swift6
1250894540,swiftui
1250894540,system-cleaner
1250894540,uninstaller
1253603482,bitcoin
1253603482,lost-bitcoins
1253603482,lost-bitcoins-wallet
1253603482,seed-phrases-finder
1253603482,seed-phrases-generator
1253603482,seedphrase-checker
1253603482,seedphrase-generator
1253603482,walletgen
1253603482,wallets-finder
1253603482,btc-wallet
1253603482,finder-crypto
1253603482,lost-wallets
1253603482,bitcoin-wallet
1253603482,ethereum-bruteforce
1253603482,ethereum-tools
1253603482,finder-bitcoin
1253603482,mnemonic-seed-checker
1253603482,seed-recovery-tool
1253603482,developer-tools
1253603482,bitcoin-mining-tools
1249975515,adb
1249975515,android
1253187784,agentic-ai
1253187784,kv-cache
1253187784,long-context
1253187784,quantization
1253187784,vllm
1253187784,llm
1253187784,llm-inference
1255251478,agent-security
1255251478,ai-agents
1255251478,audit-log
1255251478,desktop
1255251478,llm
1255251478,local-first
1255251478,pii
1255251478,rust
1255251478,sandbox
1255251478,tauri
1254275643,cli
1254275643,developer-tools
1254275643,ollama
1254275643,rust
1254275643,search
1254275643,tui
1247236424,agentic-ai
1247236424,agentic-workflow
1247236424,ai-agents
1247236424,course
1247236424,system-design
1247236424,tutorial
1254710588,anti-detect-browser
1254710588,browser-fingerprinting
1254710588,chromium
1254710588,fingerprint
1254710588,multi-accounting
1254710588,proxy
1254710588,proxyshard
1254710588,quic
1254710588,tauri
1254710588,web-scraping
1254710588,webrtc
1254710588,antidetect-browser
1254710588,headless-browser
1254710588,headless-chrome
1254710588,udp
1254710588,webscraping
1254710588,ai-agents
1254710588,playwright
1254710588,stealth-browser
1254710588,puppeteer
1241273478,claude-code
1241273478,second-brain
1264560911,ai
1264560911,coding
1264560911,multiplexer
1264560911,screen
1264560911,terminal
1264560911,ghostty
1241987162,ai
1241987162,desktop-app
1241987162,document-generation
1241987162,docx
1241987162,golang
1241987162,notion
1241987162,office
1241987162,pptx
1241987162,react
1241987162,typescript
1241987162,wails
1241987162,xlsx
1241987162,officedex
1262689338,ai-art
1262689338,ai-image-generation
1262689338,cli
1262689338,codex
1262689338,fastapi
1262689338,generative-ai
1262689338,gpt-image-2
1262689338,image-editing
1262689338,image-generation
1262689338,img2img
1262689338,macos
1262689338,openai
1262689338,openai-compatible
1262689338,prompt-engineering
1262689338,prompt-templates
1262689338,python
1262689338,reference-images
1262689338,responses-api
1262689338,webui
1262689338,windows
1248742343,dictation
1248742343,elevenlabs
1248742343,parakeet
1248742343,speech-to-text
1248742343,transcribe
1248742343,transcription
1248742343,voice-to-text
1248742343,whisper
1248742343,wispr-flow-alternative
1241537755,desktop-app
1241537755,feed-reader
1241537755,react
1241537755,rss
1241537755,rss-reader
1241537755,rust
1241537755,tauri
1243618131,agents
1243618131,marketing
1243618131,productivity
1243618131,skills
1249199073,best-practices
1249199073,developer-experience
1249199073,generics
1249199073,javascript
1249199073,runtime-validation
1249199073,static-analysis
1249199073,type-safety
1249199073,typescript
1249199073,clean-code
1249199073,code-quality
1249199073,front-end
1249199073,frontend
1249199073,maintainability
1250647330,aerothemeplasma
1250647330,device-manager
1250647330,kde
1250647330,linux
1250647330,qt6
1250647330,windows
1250647330,device-management
1250647330,devmgmt
1245299074,api-proxy
1245299074,chatgpt
1245299074,docker
1245299074,fastapi
1245299074,gemini
1245299074,grok
1245299074,image-generation
1245299074,nextjs
1245299074,openai
1245299074,self-hosted
1244733782,3d-printing
1244733782,arduino
1244733782,ascii-art
1244733782,ascii-art-generator
1244733782,ascii-graphics
1244733782,cheap-yellow-display
1244733782,cyd
1244733782,esp-web-tools
1244733782,esp32
1244733782,ili9341
1244733782,makerworld
1244733782,powerpill
1244733782,tft-espi
1244733782,xpt2046
1244733782,cyd2usb
1244733782,jc3248w535
1239375488,ai-agents
1239375488,claude-code
1239375488,codex
1239375488,coding-agent
1239375488,developer-tools
1239375488,eletron
1239375488,gemini
1239375488,local-first
1239375488,multi-agent
1239375488,orchestration
1253754074,discord
1253754074,discord-fix-2026
1253754074,zapret
1253754074,zapret-discord
1253754074,zapret-discord-youtube
1253754074,zapret2
1255267904,ai
1255267904,ai-autocomplete
1255267904,autocomplete
1255267904,completions
1255267904,gemma4
1255267904,llm
1255267904,macos
1255267904,qwen3-5
1255267904,cotabby
1255267904,cotypist
1242939165,google-maps-api
1242939165,mapping
1242939165,maps
1242939165,osint
1242939165,osint-tool
1242939165,osint-tools
1242939165,osinttool
1242939165,nodes
1240996286,ai
1240996286,cli
1240996286,lint
1240996286,linter
1240996286,llm
1240996286,markdown
1240996286,nodejs
1240996286,prose
1240996286,quality
1240996286,slop
1240996286,static-analysis
1240996286,style-guide
1240996286,textlint
1240996286,typescript
1240996286,writing
1240930538,dota2
1240930538,data-visualization
1240930538,ui-framework
1240930538,game-analytics
1240930538,overlay-system
1249643007,python
1249643007,sni
1249643007,spoofing
1246541082,feed-forward-reconstruction
1246541082,novel-view-synthesis
1246541082,triangle-splattiing
1260155434,ai-agent
1260155434,chinese
1260155434,deep-research
1260155434,intelligence-report
1260155434,market-research
1260155434,multi-language
1260155434,opencode
1260155434,report-generation
1260155434,research-tool
1260155434,skill
1243106323,ai
1243106323,codex
1243106323,knowledge-management
1243106323,personal-ai
1243106323,skills
1254611876,biofeedback
1254611876,breathing
1254611876,cli
1254611876,health
1254611876,heart-failure
1254611876,heart-rate-variability
1254611876,hrv
1254611876,macos
1254611876,terminal
1254611876,resonance-breathing
1254611876,vagal-tone
1249498950,discord
1249498950,discord-bot
1249498950,grabber
1249498950,multitool
1249498950,selfbot
1249498950,stealer-2026
1249498950,tool
1249498950,discord-tool
1249498950,discord-tools
1249498950,scrapper
1249498950,discord-multitools
1249498950,multi-tool
1249498950,wallet
1249498950,bruteforce
1249498950,discord-nuker
1249498950,discord-scraper
1249498950,bruteforce-wallet
1253520333,docs
1253520333,ocr
1253520333,pdf
1253520333,text-extarction
1250888279,bacteria
1250888279,bioinformatics-pipeline
1250888279,cell-analysis
1250888279,fastapi
1250888279,fluorescence-microscopy-imaging
1250888279,microbiology
1250888279,opencv
1250888279,react
1250888279,single-cell-analysis
1250888279,cell-contour
1250888279,nikon-nd2
1239969496,android
1239969496,harmonyos
1239969496,openharmony
1241825396,ai
1241825396,anthropic
1241825396,claude
1241825396,claude-code
1241825396,deepseek
1241825396,llm
1241825396,ollama
1241825396,openai-compatible
1241825396,openrouter
1241825396,proxy
1246546375,android
1246546375,emulator
1246546375,xbox-360
1246546375,xbox360
1245106598,agent-skills
1245106598,ai-filmmaking
1245106598,claude-code
1245106598,coding-agent
1245106598,docker
1245106598,filmmaking
1245106598,react-flow
1265265111,skills
1239414821,agentic-ai
1239414821,agentic-development
1239414821,agentic-workflow
1247535033,apple-silicon
1247535033,gemma
1247535033,instagram-reels
1247535033,macos
1247535033,mlx
1247535033,on-device-ai
1247535033,swift
1247535033,swiftui
1247535033,tiktok
1247535033,youtube-shorts
1241219539,claude-code
1241219539,codex
1241219539,remote-control
1241219539,gemini
1241219539,pi
1241219539,agent-management
1241219539,remote-agents
1241219539,agent-sessions
1241219539,agent-im
1241219539,zero-intrusion
1241219539,ai-agents
1241219539,telegram-bot
1241219539,notification
1241219539,agent-bridge
1241219539,managed-agents
1242164545,mr
1242164545,unity
1242164545,vr
1242164545,sao
1267982346,ai
1267982346,ai-agent
1267982346,geospatial
1267982346,palantir
1267982346,maven-smart-system
1251734577,ai-agents
1251734577,coding-agents
1251734577,developer-tools
1251734577,gpu
1251734577,macos
1251734577,metal
1251734577,sparkle
1251734577,swift
1251734577,terminal
1251734577,terminal-emulator
1243176585,claude-code
1243176585,claude-code-skills
1243176585,exploit-development
1243176585,offensive-security
1243176585,redteam
1255008460,aktivasi
1255008460,batch-download
1255008460,download-manager
1255008460,fast-downloader
1255008460,file-downloader
1255008460,free-idm
1255008460,ias
1255008460,idm
1255008460,idm-alternative
1255008460,idm-automation
1255008460,idmhelper
1255008460,idml
1255008460,idmtrial-reset
1255008460,internet-download-manager-to-download
1255008460,internetdownloadmanager
1255008460,kuyhaa-idm
1255008460,resume-download
1255008460,trial-reset-utility
1255008460,windows
1251098217,sing-box
1254488786,ai-for-science
1254488786,chemistry
1254488786,language-model
1254488786,large-language-models
1254488786,llm
1254488786,molecule
1254488786,ai-agent
1254488786,coding-agent
1254488786,representation
1254488786,smiles
1254488786,smiles-code
1254488786,smiles-strings
1254488786,molecular-modeling
1254488786,molecular-structures
1254488786,molecode
1245333424,ai-agents
1245333424,claude-code
1245333424,cli
1245333424,pixel-art
1245333424,ratatui
1245333424,rust
1245333424,terminal
1245333424,tui
1245333424,codex
1245333424,claude
1258389924,abuse-detection
1258389924,cli
1258389924,github
1258389924,moderation
1258389924,nextjs
1258389924,open-source
1258389924,security
1258389924,spam-detection
1258389924,typescript
1255026887,acrobat
1255026887,acrobat-breaker
1255026887,acrobat-full
1255026887,acrobat-live
1255026887,acrobat-pro
1255026887,acrobat-pro-dc
1255026887,acrobat-reader-pro
1255026887,acrobat-windows
1255026887,adobe-acrobat
1255026887,adobe-creative-cloud
1255026887,pdf-editing
1255026887,pdf-generation
1255026887,pdf-monster-tool
1255026887,pdf-software
1248262230,macos
1248262230,appkit
1248262230,cursor-highlighter
1248262230,live-demo
1248262230,menu-bar-app
1248262230,presentation-tools
1248262230,swift
1248262230,click-highlighter
1253818242,pokemon
1253818242,wasm
1253818242,webassembly
1257516676,cli
1257516676,deanonymization
1257516676,hackernews
1257516676,osint
1257516676,osint-tool
1257516676,reddit
1257516676,typescript
1249635932,ai-video
1249635932,awesome
1249635932,awesome-list
1249635932,claude
1249635932,claude-code
1249635932,claude-skills
1249635932,cogvideox
1249635932,higgsfield
1249635932,hunyuan-video
1249635932,jimeng
1249635932,kling
1249635932,ltx-video
1249635932,mochi
1249635932,prompt-engineering
1249635932,runway
1249635932,seedance
1249635932,sora
1249635932,veo
1249635932,video-generation
1249635932,wan
1243242191,byovd
1243242191,edr
1243242191,edr-bypass
1243242191,edr-evasion
1243242191,redteaming
1249703818,cloudflare
1249703818,cloudflare-workers
1249703818,email
1252801819,ai-security
1252801819,appsec
1252801819,code-security
1252801819,llm
1252801819,mcp
1252801819,qlora
1252801819,security
1252801819,vibecoding
1252801819,web3-security
1252174335,ai-agent
1252174335,ai-assistant
1252174335,knowledge-graph
1252174335,local-first
1252174335,memory
1252174335,openclaw
1252174335,personal-ai
1252174335,rag
1252174335,skills
1252174335,typescript
1244468619,ai-assisted-development
1244468619,blast-radius
1244468619,cli
1244468619,code-analysis
1244468619,dependency-graph
1244468619,developer-tools
1244468619,mcp-server
1244468619,python
1244468619,static-analysis
1244468619,symbol-index
1250240320,agents
1250240320,ai
1250240320,ai-agents
1250240320,ai-engineering
1250240320,chinese
1250240320,chinese-translation
1250240320,computer-vision
1250240320,course
1250240320,deep-learning
1250240320,from-scratch
1250240320,generative-ai
1250240320,learn-ai
1250240320,llm
1250240320,machine-learning
1250240320,mcp
1250240320,nlp
1250240320,python
1250240320,reinforcement-learning
1250240320,transformers
1250240320,tutorial
1255045044,4k-export
1255045044,4k-video-editor
1255045044,activation-tools
1255045044,ai-video-editor
1255045044,capcut-2026
1255045044,capcut-automation
1255045044,capcut-effects
1255045044,capcut-plugin
1255045044,capcut-scripts
1255045044,capcut-workflow
1255045044,cinematic-editing
1255045044,pro-cap-cut
1255045044,reels-editor
1242306767,ai
1242306767,claude-code
1242306767,claude-skills
1242306767,daily-digest
1242306767,llm
1242306767,news-aggregator
1242306767,rss-aggregator
1242306767,self-hosted
1241515224,danmaku-ai-assistant
1242997674,edgenuity
1242997674,edgenuity-afk
1242997674,edgenuity-ai-bot
1242997674,edgenuity-answer-keys
1242997674,edgenuity-answers
1242997674,edgenuity-assignment-bot
1242997674,edgenuity-auto-answer
1242997674,edgenuity-auto-answers
1242997674,edgenuity-bot
1242997674,edgenuity-brainly-auto-search
1242997674,edgenuity-chatgpt
1242997674,edgenuity-hack
1242997674,edgenuity-hacks
1242997674,edgenuity-script
1242997674,edgenuity-tweaks
1242997674,edgenuity-video-skipper
1242997674,edgenuity-video-watcher
1242997674,edgybot
1242997674,exodusbot
1256791924,asr
1256791924,llm
1256791924,sd
1256791924,sdr
1256791924,speech-recognition
1261899475,arbitrage
1261899475,binance
1261899475,btc
1261899475,deribit
1261899475,flask
1261899475,redis
1261899475,telegram
1261899475,trading-bot
1244270669,3d
1244270669,image-to-3d
1244270669,physical-modeling
1241263123,image-segmentation
1241263123,image-segmentation-pytorch
1241263123,object-segmentation
1241263123,concept-segmentation
1241263123,generalized-concept-segmentation
1241263123,unified-concept-segmentation
1241263123,unified-image-segmentation
1247193229,arbitrage
1247193229,bot
1247193229,polymarket-arbitrae
1247193229,polymarket-btc-5min-arbitrage-bot
1247193229,polymarket-btc-arbitrage-bot
1247193229,polymarket-crypto-sports-trading-bot
1247193229,polymarket-trading-bot-strategies
1258221473,ai
1258221473,claude-code
1258221473,claude-code-skill
1258221473,codex
1258221473,codex-skill
1258221473,skill
1251875798,aliyun
1251875798,cli
1251875798,modelstudio
1251875798,qwen
1251875798,skills
1251875798,ai-agent
1251875798,ai-cli
1251875798,bailian
1251875798,command-line-tool
1251875798,dashscope
1251875798,llm-tools
1251875798,mcp
1251875798,mcp-server
1251875798,text-to-image
1251875798,text-to-video
1247671075,ai-agents
1247671075,chatbot
1247671075,grafana
1247671075,observability
1247671075,prometheus
1247671075,aiops
1247671075,alerting
1247671075,chatops
1247671075,devops
1247671075,golang
1247671075,incident-response
1247671075,llm-agent
1247671075,loki
1247671075,monitoring
1247671075,opentelemetry
1247671075,rag
1247671075,root-cause-analysis
1247671075,self-hosted
1247671075,slack-bot
1247671075,sre
1255326646,hls
1255326646,html5-video
1255326646,media-player
1255326646,mp4
1255326646,react
1255326646,shadcn
1255326646,streaming
1255326646,ui
1255326646,video
1255326646,webm
1255326646,youtube
1266985960,android
1266985960,compose
1266985960,compose-multiplatform
1266985960,jetpack-compose
1266985960,jetpack-navigation
1266985960,kmp
1266985960,kotlin-multiplatform
1266985960,navigation
1266985960,navigation3
1266985960,skydoves
1247187253,blockchain
1247187253,bot
1247187253,crypto
1247187253,forecast
1247187253,gambling
1247187253,polymarket
1247187253,polymarket-crypto-sports-trading-bot
1247187253,polymarket-trading-bot-strategies
1247187253,web3
1263025698,express
1263025698,nodejs
1263025698,s3-storage
1263025698,storage
1263025698,vuejs
1253048130,ai-gateway
1253048130,data-redaction
1253048130,gitleaks
1253048130,golang
1253048130,grpc
1253048130,http-server
1253048130,llm-security
1253048130,middleware
1253048130,pii-detection
1253048130,privacy
1253048130,redact
1253048130,secrets-detection
1243090608,distributed
1243090608,http
1243090608,raft
1243090608,rust
1243090608,streaming
1246873510,auto-trade
1246873510,blockchain
1246873510,memecoin
1246873510,orca
1246873510,raydium
1246873510,snipe-bot
1246873510,snipersolana
1246873510,sol
1246873510,solana
1246873510,spl-token
1246873510,spl-token-snipe
1246873510,tradingbot2026
1246873510,web3
1246873510,web3-bot
1249245754,ai-agents
1249245754,ai-detector
1249245754,awesome-list
1249245754,detector
1249245754,skiils
1247191108,binance
1247191108,bitcoin
1247191108,bitfinex
1247191108,bot
1247191108,bybit
1247191108,ccxt
1247191108,coinbase
1247191108,crypto
1247191108,cryptocurrency
1247191108,ethereum
1247191108,exchange
1247191108,javascript
1247191108,margin
1247191108,okx
1247191108,trading-bot
1247191108,typescript
1247191108,web3
1252800918,agent-harness
1252800918,genome-analysis
1252800918,whole-genome-sequencing
1243830052,java
1243830052,wasm
1243830052,webassembly
1249550191,agents
1249550191,langchain
1249550191,llm
1249550191,machine-learning
1249550191,openai
1249550191,python
1249550191,sklearn
1249550191,xgboost
1249550191,model-serving
1249550191,pydantic
1249550191,snowflake
1241000028,agent-skills
1241000028,ai-agents
1241000028,chaos-engineering
1241000028,distributed-systems
1241000028,testing
1249324515,docker-container
1249324515,docker-image
1249324515,homelab
1249324515,proxmox
1249324515,proxmox-tools
1249324515,proxmox-ve
1249324515,self-hosting
1241441590,claude-code
1241441590,codex
1241441590,macos
1241441590,menubar
1241441590,pyobjc
1241441590,usage-tracker
1241441590,launchagent
1241441590,statusline-hook
1241441590,agpl
1241441590,ai-tools
1241441590,anthropic
1241441590,claude
1241441590,cost-tracking
1241441590,developer-tools
1241441590,openai
1241441590,python
1241441590,quota-monitor
1241441590,rate-limits
1241441590,token-tracker
1241441590,tui
1255014875,ai-agents
1255014875,claude-code
1255014875,codex
1255014875,desktop-pet
1255014875,developer-tools
1255014875,macos
1255014875,menubar
1255014875,productivity
1255014875,swift
1255014875,swiftui
1264568215,zod
1248432232,anime
1248432232,anime-app
1248432232,electron
1248432232,linux
1248432232,manga
1248432232,manga-reader
1248432232,nodejs
1248432232,open-source
1248432232,react
1248432232,streaming
1248432232,windows
1248432232,jiruhub
1249414368,heroes-might-and-magic-olden-era
1249414368,homm-olden-era
1249414368,olden-era
1249414368,oldenera
1249414368,oldeneratemplategenerator
1249414368,templategenerator
1256946355,business-intelligence
1256946355,machine-learning
1256946355,plotly
1256946355,sponsorship
1256946355,sports-analytics
1256946355,streamlit
1256946355,world-cup
1256946355,roi-prediction
1257336239,bandwidth
1257336239,deauthentication-attack
1257336239,whitelist
1257336239,wifi
1257336239,hacking
1257336239,bypasser
1257336239,pmf
1257336239,protected-management-frames
1249425919,game-mod-manager
1249425919,gorilla
1249425919,gorilla-tag
1249425919,gorillatag
1249425919,gorillatagmenu
1249425919,gorillatagmods
1249425919,gorillatagvr
1249425919,gtag
1249425919,mod-manager
1249425919,mod-managers
1249425919,modmanager
1249425919,monkemodmanager
1257269578,c2
1257269578,command-and-control
1257269578,decentralized
1257269578,golang
1257269578,libp2p
1257269578,p2p
1257269578,red-team
1248056500,marketing
1266923310,ai-design-tools
1266923310,animated-logo
1266923310,claude-skill
1266923310,codex-skill
1266923310,html-animation
1266923310,logo-animation
1266923310,motion-design
1266923310,raster-to-svg
1266923310,svg-animation
1266923310,vector-animation
1266923310,brand-motion
1266923310,logo-motion
1266923310,logo-reveal
1266923310,pixel-to-svg
1266923310,svg-motion
1254441434,claude-code
1254441434,claude-plugin
1254441434,codex
1254441434,developer-tools
1254441434,dock
1254441434,macos
1254441434,webkit
1254441434,codex-plugin
1254441434,plugin
1254441434,skill
1264449315,creative-coding
1264449315,generative-art
1264449315,gif
1264449315,glsl
1264449315,javascript
1264449315,shaders
1264449315,webgl
1253138201,agent
1253138201,ai
1253138201,memory
1253138201,multimodal
1253138201,rag
1253138201,search
1253138201,searchengine
1253138201,vision
1253138201,vlm
1243141639,ai-interview
1243141639,aris
1243141639,cheatsheet
1243141639,chinese
1243141639,claude-code
1243141639,deep-learning
1243141639,diffusion
1243141639,flow-matching
1243141639,interview-prep
1243141639,llm
1243141639,machine-learning
1243141639,moe
1243141639,nerf
1243141639,pytorch
1243141639,quantization
1243141639,rlhf
1243141639,transformer
1243141639,video-generation
1243141639,vision-language-model
1243141639,autumn-recruiting
1259608952,cve
1259608952,cve-2026-41940
1259608952,cve-2026-41940-poc
1259608952,vulnerability
1248761307,antenna
1248761307,antenna-design
1248761307,electromagnetics
1248761307,fdtd
1248761307,inverse-design
1248761307,machine-learning
1248761307,nec2
1248761307,openems
1248761307,python
1248761307,rf
1248761307,yagi
1255150615,free-ai
1255150615,free-ai-api
1255150615,free-gemini-api
1255150615,gemini-
1255150615,gemini-15-pro
1255150615,gemini-api
1255150615,gemini-api-free
1255150615,gemini-free
1255150615,gemini-pro
1255150615,gemini-pro-1-5
1255150615,gemini-pro-api
1255150615,gemini-pro-vision
1255150615,gemini-pro-visiongoogle-ai-studio
1255150615,gemini-proxy
1255150615,google-gemini
1254978502,live-wallpapers
1254978502,steamworkshop
1254978502,wallpaper-changer
1254978502,wallpaper-engine-key-gen
1254978502,wallpaperengine-download
1240642816,codespace
1240642816,config
1240642816,optimized
1240642816,v2ray
1240642816,vpn
1240642816,web-panel
1240642816,xray-core
1242298712,forza-horizon
1242298712,offline-support
1242298712,pwa
1242298712,screen-capture-api
1244198371,2026-world-cup
1244198371,world-cup
1243377527,ai-tools
1243377527,claude-code
1243377527,codex
1243377527,llm
1243377527,llm-monitoring
1243377527,local-first
1243377527,multi-device
1243377527,self-hosted
1243377527,token-tracker
1243377527,token-usage
1243377527,cursor
1243377527,openclaw
1243377527,opencode
1243377527,ai
1243377527,linux
1243377527,macos
1243377527,windows
1243377527,hermes-agent
1243377527,antigravity
1243377527,deepseek
1255637579,chinese
1255637579,codex-skill
1255637579,llm
1255637579,llm-internship
1255637579,agent
1255637579,ai-career
1255637579,aigc
1255637579,interview-prep
1255637579,job-search
1255637579,latex-resume
1255637579,multimodal
1255637579,openai-codex
1255637579,post-training
1255637579,pretraining
1255637579,rag
1255637579,resume
1255637579,resume-polish
1255637579,search-ranking
1255637579,jd-tailoring
1255637579,project-scout
1244925823,devops
1244925823,docker
1244925823,openai
1244925823,network-monitoring
1244925823,agentic-ai
1244925823,aiops
1244925823,incident-management
1244925823,it-operations
1244925823,llm-ops
1244925823,multi-agent
1244925823,nodejs
1244925823,react
1244925823,root-cause-analysis
1244925823,sre
1244925823,self-hosted
1244925823,prometheus
1244925823,zabbix
1258932513,image-generation
1258932513,local-ai
1258932513,stable-diffusion
1239774861,agent-skill
1239774861,chinese
1239774861,claude-code
1239774861,codex
1239774861,documentation
1239774861,technical-writing
1259424581,ai
1259424581,short-video
1259424581,video-generation
1259424581,ai-pipeline
1259424581,fastapi
1259424581,spring-boot
1259424581,python
1259424581,java
1259424581,llm
1259424581,prompt-engineering
1259424581,multi-model
1259424581,failover
1259424581,circuit-breaker
1259424581,resilience4j
1259424581,langfuse
1259424581,clip-model
1259424581,deepseek
1259424581,kling
1259424581,ffmpeg
1259424581,docker-compose
1260580223,ai-coding
1260580223,antigravity
1260580223,beginners
1260580223,claude-code
1260580223,claude-skill
1260580223,codex
1260580223,no-code
1260580223,prompt-engineering
1260580223,vibe-coding
1260580223,jobs-to-be-done
1260580223,jtbd
1260580223,outcome-driven-development
1260580223,product-discovery
1260580223,product-management
1246535785,agent-evolution
1246535785,agent-framework
1246535785,agent-swarm
1246535785,ai-agent
1246535785,ai-agents
1246535785,ai-research
1246535785,autonomous-agent
1246535785,awesome-list
1246535785,benchmark
1246535785,harness-engineering
1246535785,llm
1246535785,llm-agent
1246535785,memory-system
1246535785,multi-agent
1246535785,prompt-engineering
1246535785,self-evolution
1246535785,self-evolving
1246535785,self-evolving-agents
1246535785,self-improvement
1246535785,skill-library
1255127700,ai-deep-fake
1255127700,audio-deepfake-detection
1255127700,deep-ai
1255127700,deep-fake-ai
1255127700,deepfake
1255127700,deepfake-ai
1255127700,deepfake-detection
1255127700,deepfake-generation
1255127700,deepfake-software
1255127700,deepfake-videos
1255127700,face-swap
1255127700,faceswap
1255127700,fake-image-detection
1255127700,llm
1255127700,neural-voice-synthesis
1255127700,real-time-deepfake
1255127700,realtime-face-changer
1255127700,video-deepfake
1241183189,macos-app
1241183189,screen-recordings
1241183189,iphone-screen-recordings
1250303896,certification
1250303896,cka
1250303896,ckad
1250303896,cks
1250303896,docker
1250303896,exam
1250303896,kcna
1250303896,kcsa
1250303896,kubernetes
1250303896,labs
1250303896,practice
1250303896,preparation
1250303896,simulator
1250303896,education
1250303896,learning
1245977213,ai-coding-agents
1245977213,aws-well-architected
1245977213,claude-code
1245977213,cline
1245977213,codex
1245977213,cursor
1245977213,github-copilot
1245977213,kiro
1245977213,skills
1245977213,steering
1245977213,windsurf
1245977213,antigravity
1245977213,devops-agent
1245977213,gemini-cli
1245977213,amp
1245977213,junie
1245977213,aws
1245977213,kiro-cli
1245977213,kiro-ide
1245977213,openclaw
1241959906,agent-skill
1241959906,chatgpt
1241959906,chatgpt-plus
1241959906,chatgpt-subscription
1241959906,claude-code
1241959906,cli
1241959906,dalle
1241959906,gpt-image
1241959906,gpt-image-2
1241959906,image-generation
1241959906,no-api-key
1241959906,openai-codex
1241959906,python
1258064737,3d
1258064737,draco
1258064737,geometry
1258064737,gltf
1258064737,loader
1258064737,mesh-compression
1258064737,threejs
1258064737,webgl
1243309333,chinese
1243309333,english
1243309333,non-autoregressive
1243309333,torch
1243309333,waveform
1243309333,zero-shot-tts
1243309333,mel-spectrogram
1256525840,ios
1256525840,metal
1256525840,metal-shaders
1256525840,shaders
1256525840,swift
1256525840,swift-package
1256525840,swiftui
1248204690,ai
1248204690,claude-code
1248204690,cli
1248204690,codex
1248204690,learning
1248204690,skills
1248204690,socratic-method
1248204690,spaced-repetition
1248204690,tdd
1263820590,claude-code-plugin-agenticsop
1263820590,agentic-workflow
1263820590,claude-code
1263820590,claude-code-plugin
1263820590,sop
1245268506,chinese-stock-market
1245268506,financial-data
1245268506,mootdx
1245268506,pytdx
1245268506,tdx
1245268506,technical-analysis
1245268506,a-share-tdx
1247612350,claude-code
1247612350,claude-code-plugin
1247612350,cognitive-frameworks
1247612350,creativity
1247612350,decision-making
1247612350,ethics
1247612350,mental-models
1247612350,problem-solving
1247612350,reasoning
1247612350,systems-thinking
1248660215,csharp
1248660215,csharp-wpf
1248660215,desktop-app
1248660215,dotnet
1248660215,google-lens
1248660215,ocr
1248660215,screen-translator
1248660215,translation
1248660215,windows
1248660215,wpf
1245333938,academic
1245333938,ai-tools
1245333938,beamer
1245333938,beamer-template
1245333938,claude-code
1245333938,codex
1245333938,latex
1245333938,latex-template
1245333938,ppt
1245333938,presentation
1245333938,slides
1245333938,thesis-defense
1245333938,tikz
1245333938,xelatex
1253654878,agent
1253654878,claude
1253654878,claude-code
1253654878,codex
1253654878,coding
1253654878,deepseek
1253654878,glm
1253654878,harness
1253654878,kimi
1253654878,minimax
1253654878,python
1253654878,skills
1253654878,workflow
1253654878,agentic
1253654878,ai
1253654878,chatgpt
1253654878,vibe-coding
1253654878,agent-harness
1253654878,dynamic-workflows
1253654878,parallel-agents
1257915692,ai-agent
1257915692,bounty
1257915692,contributions-welcome
1257915692,good-first-issue
1257915692,hacktoberfest
1257915692,nextjs
1257915692,open-source
1257915692,typescript
1251802067,algorithmic-trading
1251802067,alpha-research
1251802067,backtesting
1251802067,financial-ml
1251802067,ibkr
1251802067,machine-learning
1251802067,portfolio-construction
1251802067,python
1251802067,quantitative-finance
1251802067,risk-management
1251802067,trading-systems
1260255382,docx
1260255382,ooxml
1260255382,pptx
1260255382,xlsx
1260255382,ai-document-generation
1260255382,claude-code-plugin
1260255382,codex
1260255382,document-automation
1260255382,office-automation
1260255382,template-automation
1260255382,document-generation
1260255382,excel
1260255382,microsoft-office
1260255382,office-documents
1260255382,openpyxl
1260255382,powerpoint
1260255382,python-docx
1260255382,python-pptx
1260255382,template-engine
1260255382,word
1242620513,ai-agent
1242620513,claude-code
1242620513,codex
1242620513,context-management
1242620513,cursor
1242620513,local-first
1242620513,mcp
1242620513,model-context-protocol
1242620513,ai-identity
1242620513,anthropic
1242620513,claude-desktop
1242620513,llm-tools
1242620513,mcp-server
1242620513,python
1242620513,windsurf
1242620513,ai-memory
1242620513,vibe-coding
1242620513,agent-memory
1242620513,long-term-memory
1242620513,memory
1256868358,academic-writing
1256868358,ai-agents
1256868358,claude-code
1256868358,latex
1256868358,llm-agents
1256868358,paper-review
1256868358,peer-review
1256868358,research-tool
1254819227,harness
1254819227,local-llm
1254819227,pi
1246276785,agent
1246276785,agent-skills
1246276785,alibabacloud
1246276785,aliyun
1246276785,ecs
1246276785,skills
1246276785,troubleshooting
1246276785,cve-scanning
1246276785,kernel
1246276785,security
1247256864,agent-skills
1247256864,game-analysis
1247256864,game-design
1247256864,game-development
1247256864,game-research
1247256864,indie-game
1247256864,game-design-tools
1255673460,buffer-overflow
1255673460,cldap
1255673460,cve
1255673460,exploit
1255673460,vulnerability
1255673460,windows-server
1255673460,cve-2026-41089
1255673460,vulnerability-detection
1255673460,windows
1255673460,poc
1249451639,amazon-prime
1249451639,epic-games-launcher
1249451639,epic-games-store
1249451639,epic-store
1249451639,gog
1249451639,gog-galaxy
1249451639,gtk
1249451639,gtk4
1249451639,heroic-games-launcher
1249451639,heroicgames
1249451639,heroicgameslauncher
1249451639,play-games
1249451639,heroic-game-launcher
1249451639,heroiclauncher
1260030086,cuda
1260030086,flash-attention
1260030086,fsdp
1260030086,inference-engine
1260030086,jax
1260030086,knowledge-distillation
1260030086,kv-cache
1260030086,llm
1260030086,mechanistic-interpretability
1260030086,ml-systems
1260030086,paged-attention
1260030086,pytorch
1260030086,quantization
1260030086,rust
1260030086,speculative-decoding
1260030086,triton
1241735931,blockchain
1241735931,crypto
1241735931,defi
1241735931,japanese
1241735931,japanese-culture
1241735931,nft
1241735931,onchain
1241735931,react
1241735931,vite
1241735931,web3
1252338417,agent
1252338417,coding-agents
1252338417,csharp
1252338417,deepseek
1252338417,dotnet
1252338417,harness
1252338417,mimo
1252338417,self-hosted
1243340887,audio
1243340887,cross-lingual
1243340887,deep-learning
1243340887,fine-tuning
1243340887,multi-lingual
1243340887,python
1243340887,pytorch
1243340887,speech-synthesis
1243340887,text-to-speech
1243340887,tts
1243340887,voice-clone
1243340887,zero-shot-tts
1242093501,agent-infrastructure
1242093501,agent-memory
1242093501,ai-agents
1242093501,ai-memory
1242093501,cli
1242093501,context-engineering
1242093501,developer-tools
1242093501,llm
1242093501,local-first
1242093501,mcp
1242093501,memory-layer
1242093501,model-context-protocol
1242093501,open-source
1242093501,pgvector
1242093501,postgres
1242093501,retrieval
1242093501,sdk
1242093501,self-hosted
1242093501,semantic-memory
1242093501,typescript
1241076174,agent
1241076174,fleet
1241076174,management
1245825428,android
1245825428,expressive
1245825428,glassmorphism
1245825428,m3
1245825428,m3u
1245825428,material-you
1245825428,material3
1245825428,material3-android
1245825428,material3-expressive
1245825428,newpipe-extractor
1245825428,pixelplayer
1245825428,spotify-alternative
1245825428,yt-dlp
1245825428,pixel-music
1245825428,pixelmusic
1245825428,yt-music-client
1245825428,yt-music-premium
1245825428,music-player
1245825428,newpipe
1245825428,youtube-music
1261351600,ai-api
1261351600,anthropic-api
1261351600,api-proxy
1261351600,deepseek
1261351600,deepseek-api
1261351600,deepseek-chat-api
1261351600,free-api
1261351600,openai-api-compatible
1261351600,openai-proxy
1248758524,agent-framework
1248758524,ai-agents
1248758524,cognitive-architecture
1248758524,ebbinghaus
1248758524,llm
1248758524,mirror-memory
1248758524,python
1248758524,rsi
1254252644,ai
1254252644,byok
1254252644,education
1254252644,exam-prep
1254252644,study-tool
1254252644,vibe-coding
1254252644,vibecoding
1246588489,evaluation
1246588489,worldmodel
1259223676,ai-agent
1259223676,chinese
1259223676,cron
1259223676,existentialism
1259223676,hermes-agent
1259223676,journaling
1259223676,mental-health
1259223676,mirror
1259223676,psychology
1259223676,self-improvement
1259223676,self-reflection
1242674602,ai-video
1242674602,chinese
1242674602,claude-code
1242674602,claude-skills
1242674602,jimeng
1242674602,kling
1242674602,prompt-engineering
1242674602,seedance
1242674602,sora
1242674602,mx-shell
1242674602,shortfilm
1242674602,zombie-scavenger
1242674602,text-to-video
1242674602,veo
1242674602,video-prompts
1242674602,cinematic-prompts
1242674602,claude-skill
1242674602,video-prompt
1266625409,agentic
1266625409,anthropic
1266625409,claude
1266625409,claude-code
1266625409,fable
1266625409,harness
1266625409,opus
1266625409,sonnet
1266625409,ai
1266625409,fable5
1266625409,prompt-engineering
1253176096,appkit
1253176096,arknights
1253176096,desktop-pet
1253176096,macos
1253176096,spine
1253176096,swift
1251648836,fastapi
1251648836,force-graph
1251648836,gpu
1251648836,information-extraction
1251648836,knowledge-graph
1251648836,llama-cpp
1251648836,llm
1251648836,qwen
1251648836,self-hosted
1246276297,macos
1246276297,menubar-app
1246276297,openai
1246276297,speech-to-text
1246276297,swift
1246276297,whisperkit
1247321833,agents
1247321833,llm
1247321833,ai
1247321833,sast
1247321833,security
1247321833,cybersecurity
1247321833,hacking
1249296251,developer-tools
1249296251,java
1249296251,spring-boot
1249296251,spring-boot-4
1249296251,spring-boot-starter
1249296251,vue
1242094165,agent-team
1242094165,ai-agents
1242094165,flask
1242094165,hermes-agent
1242094165,mcp
1242094165,multi-agent
1242094165,kan-ban
1246700632,lockbit
1246700632,ramsomware
1246700632,ramsomware-recovery
1255871614,agent-skill
1255871614,ai-agents
1255871614,research-questions
1255871614,scientific-method
1255871614,research-ideation
1258546192,cap-cut-pro
1258546192,capcut
1258546192,capcut-automation
1258546192,content-creation
1258546192,pro-cap-cut
1258546192,social-media
1258546192,tiktok-editor
1258546192,video-editing
1252352256,agent
1252352256,ai
1252352256,ai-infra
1252352256,claude
1252352256,dag
1252352256,llm
1252352256,memory
1252352256,multi-agent
1252352256,ontology
1252352256,python
1258545921,all-in-one
1258545921,anyunlock
1258545921,apple-id
1258545921,icloud-bypass
1258545921,ios-bypass
1258545921,iphone-unlock
1258545921,password
1258545921,unlock-tool-2025
1258545921,unlocking
1258546792,betterdiscord
1258546792,betterdiscord-theme
1258546792,discord
1258546792,discord-mod
1258546792,discord-theme
1258546792,discordtheme
1258546792,discordthemes
1258546792,fluent
1258546792,fluent-design
1258546792,minimal-theme
1258546792,powercord-theme
1258546792,theme
1258546792,vencord
1258546792,vencord-theme
1258546792,vesktop
1254133915,ai
1254133915,ai-agents
1254133915,anthropic
1254133915,anthropic-claude
1254133915,bash-cli
1254133915,claude
1254133915,claude-code
1254133915,claude-plugin
1254133915,claude-skills
1256738405,algorithms
1256738405,best-practices
1256738405,data-structures
1256738405,design-patterns
1256738405,golang
1256738405,learning
1256738405,linux-kernel
1256738405,programming-patterns
1256738405,python
1256738405,react
1256738405,rust
1256738405,software-engineering
1256738405,typescript
1256738405,computer-science
1256738405,postgresql
1256738405,redis
1256738405,system-design
1256738405,interactive-visualization
1256738405,production-code
1258547077,booster
1258547077,exitlag-2025
1258547077,exitlag-2026
1258547077,exitlag-free-trial
1258547077,exitlag-github
1258547077,exitlag-hack
1258547077,fortnite-fps-overdrive
1258547077,fps-optimizer
1258547077,fps-unlocker
1258547077,fpsboost
1258547077,fpsbooster
1258547077,ping-fix
1258546473,jdownloader
1258546473,jdownloader-2-installer
1258546473,jdownloader-2-offline
1258546473,jdownloader-2-portable
1258546473,jdownloader-2-portable-2026
1258546473,jdownloader-2-portable-download
1258546473,jdownloader-2-setup
1258546473,jdownloader2
1258546473,jdownloader2-docker
1258547683,ai-coding
1258547683,code-review
1258547683,codex
1258547683,debugging
1258547683,openai
1258547683,codex-free
1258547683,codex-tools
1254980974,android-automation
1254980974,android-automation-bot
1254980974,bot-detection
1254980974,browser-automation
1254980974,browser-automation-studio
1254980974,browser-automation-toolkit
1254980974,fingerprinting
1254980974,mobile-automation
1254980974,playwright
1254980974,playwright-python
1254980974,stealth
1254980974,stealth-browser
1254980974,web-scraping
1254980974,anti-bot
1254980974,stealth-automation
1254980974,stealth-bot
1258547311,ad-blocker
1258547311,adsblock
1258547311,premium-bot
1258547311,premium-code
1258547311,spotdl
1258547311,spotify-account
1258547311,spotify-ad
1258547311,spotify-adblocker
1258547311,spotify-ads
1258547311,spotify-ads-remove
1258547311,spotify-alternative
1258547311,spotify-bot
1258547311,spotify-desktop-client
1258547311,spotify-downloader-desktop
1258547311,spotify-ios-16
1258547311,spotify-player
1258547311,spotify-playlist-downloader
1258547311,spotify-theme
1258547311,spotifydownloader
1258547311,spotilifec
1258547421,live-wallpapers
1258547421,steamworkshop
1258547421,wallpaper-changer
1258547421,wallpaper-engine-key-gen
1258547421,wallpaperengine-download
1248659915,agent
1248659915,rust
1248659915,shell
1248659915,skills
1248659915,terminal
1248659915,tmux
1266125334,ai
1266125334,cli
1266125334,e2e-testing
1266125334,playwright
1266125334,qa
1266125334,test-automation
1266125334,testing
1244604931,beacon
1244604931,beacon-object-file
1244604931,bof
1244604931,cobalt-strike
1244604931,execute-assembly
1244604931,red-team
1244604931,red-team-tools
1244604931,redteam
1244604931,redteaming
1263648864,agentic-ai
1263648864,ai-agents
1263648864,claude-code
1263648864,codex
1263648864,devops-automation
1263648864,github-actions
1263648864,grok
1263648864,llm
1263648864,mcp
1263648864,ai-coding
1263648864,automation
1263648864,loop-engineering
1263648864,prompt-engineering
1263648864,anthropic
1263648864,claude
1263648864,coding-agents
1263648864,devtools
1248516993,agentic-ai
1248516993,ai4science
1248516993,skills
1255123063,life-sim
1255123063,life-simulation
1255123063,mii
1255123063,mii-sharing
1255123063,nes-emulator
1255123063,nintendo
1255123063,nintendo-64
1255123063,nintendo-ds-emulator
1255123063,nintendo-port
1255123063,nintendo-switch
1255123063,nintendo-switch-emulator
1255123063,nintendo-tomodachi-life
1255123063,tomodachi
1255123063,tomodachi-collection
1255123063,tomodachi-life
1255123063,tomodachi-life-desktop
1255123063,tomodachi-life-living-the-dream
1255123063,tomodachi-life-pc
1255123063,tomodachi-life-windows
1255123063,tomodachi-living-the-dream
1251743578,bun
1251743578,developer-tools
1251743578,email
1251743578,email-api
1251743578,email-sdk
1251743578,nodemailer
1251743578,postmark
1251743578,resend
1251743578,sdk
1251743578,sendgrid
1251743578,transactional-email
1251743578,typescript
1243947630,compression
1243947630,llm
1243947630,opencode
1243947630,opencode-plugin
1243947630,token-savings
1241855419,api-client
1241855419,api-testing
1241855419,desktop-app
1241855419,open-source
1241855419,postman-alternative
1241855419,react
1241855419,rust
1241855419,typescript
1239676667,claude-code
1239676667,codex
1239676667,cursor
1239676667,deepseek-tui
1239676667,gemini
1239676667,kimi
1239676667,kiro
1256936189,cloud
1256936189,idc
1256936189,monitor
1256936189,nettools
1256936189,network
1256936189,pingmesh
1246926223,connection-manager
1246926223,encryption
1246926223,fastify
1246926223,react
1246926223,self-hosted
1246926223,ssh
1246926223,terminal
1246926223,typescript
1246926223,websocket
1246926223,xterm
1246926223,termius-alternative
1249888354,agent
1249888354,ai
1249888354,skills
1239859061,ai
1239859061,chinese-translation
1239859061,papers
1239859061,reading
1239859061,translation
1257282315,geophysics
1257282315,gravimetry
1257282315,gravity-inversion
1257282315,inverse-problems
1257282315,level-set-method
1257282315,deep-sea-exploration
1257282315,interface-inversion
1257282315,salt-dome-imaging
1243277861,agent
1243277861,deepseek
1243277861,hermes
1243277861,openclaw
1243277861,codex
1267239286,ai
1267239286,machine-learning
1244596535,agent
1244596535,ai
1244596535,chatgpt-alternative
1244596535,claude-alternative
1244596535,cli
1244596535,coding-agent
1244596535,crypto-payments
1244596535,developer-tools
1244596535,infosec
1244596535,llm
1244596535,opencode
1244596535,privacy
1244596535,security-research
1244596535,terminal
1244596535,tui
1244596535,uncensored
1244596535,uncensored-ai
1244596535,uncensored-llm
1244596535,opencode-fork
1244596535,tartarusai
1254691298,developer-tools
1254691298,git
1254691298,git-config
1254691298,git-config-user
1254691298,github
1254691298,github-cli
1254691298,open-source
1254691298,productivity
1254691298,git-account-manager
1254691298,git-profile-manager
1254691298,multiple-github-accounts
1254691298,git-identity-manager
1251519364,codex-skill
1251519364,editable-pptx
1251519364,powerpoint
1251519364,pptx
1251519364,slides
1261080024,coding-agent-skills
1261080024,dotfiles
1261080024,pi-code-extension
1261080024,pi-coding-agent
1261080024,pi-extensions
1245549227,cuda
1245549227,low-precision
1245549227,reinforcement-learning
1245549227,transformers
1245549227,peft
1242884363,email
1242884363,email-automation
1242884363,osint
1242884363,osint-tool
1242884363,threat-analysis
1242884363,threat-intelligence
1242884363,cybersecurity
1242884363,email-osint
1242884363,holehe
1242884363,infosec
1242884363,maltego
1242884363,penetration-testing
1242884363,privacy
1242884363,python
1242884363,reconnaissance
1242884363,security-tools
1242884363,stix
1242884363,open-source
1259528788,news
1259528788,paper
1259528788,remarkable
1239898419,benchmark
1239898419,benchmarking
1239898419,deep-learning
1239898419,deep-neural-networks
1239898419,deeplearning
1239898419,genetic-algorithm
1239898419,llm
1239898419,llm-evaluation
1239898419,llm-inference
1239898419,machine-learning
1239898419,machine-learning-algorithms
1239898419,machinelearning
1239898419,neural-network
1268690802,zapret
1268690802,zapret-discord
1268690802,zapret-discord-youtube
1268690802,zapret-telegram
1268690802,zapret-4
1257647992,agentic-ai
1257647992,agentic-skill
1257647992,financial-api
1257647992,financial-data
1257647992,skills
1257647992,backtesting
1257647992,earnings-transcripts
1257647992,finviz-scraper
1257647992,fred-data
1257647992,google-finance-scraper
1257647992,montecarlo
1257647992,sec-data
1257647992,tradingview-data
1257647992,macrotrends-scraper
1257647992,market-screener-scraper
1257647992,marketwatch-scraper
1257647992,morningstar-screener-scraper
1256225183,education-ai
1256225183,knowledge-distillation
1256225183,knowledge-distillation-task
1256225183,knowledge-management
1256225183,skills
1256225183,course-distillation
1255778963,azur-lane
1255778963,azurlane
1255778963,cn
1255778963,game
1255778963,private-server
1255778963,server
1255778963,shitty-code
1242203650,ai-agent
1242203650,cli
1242203650,coding-agent
1242203650,deepseek
1242203650,deepseek-v4
1242203650,developer-tools
1242203650,m-c-p
1242203650,mcp
1242203650,terminal-ai
1242203650,tui
1242203650,typescript
1242203650,carboncode
1258143407,codex
1258143407,deepseek
1258143407,macos
1258143407,proxy
1258143407,rust
1258143407,windows
1251922807,arxiv
1251922807,corpus
1251922807,dataset
1251922807,deep-learning
1251922807,education
1251922807,llm
1251922807,machine-learning
1251922807,nlp
1251922807,study-resources
1251922807,transformers
1258893200,charles-schwab
1258893200,china
1258893200,interactive-brokers
1258893200,us-stocks
1258893200,wise
1258893200,east-west-bank
1258893200,investing-guide
1244305446,physicalai
1244305446,worldmodel
1244305446,jepa
1244305446,zhichengai
1252587660,beammp
1252587660,beammp-server
1252587660,beamng
1252587660,beamng-drive
1252587660,beamng-drive-cars
1252587660,beamng-multiplayer
1252587660,beamng-online
1264223799,ai-avatar
1264223799,embeddable-widget
1264223799,live2d
1264223799,tts
1264223799,voice-assistant
1264223799,vtuber
1264223799,web-speech-api
1264223799,webllm
1242502853,snipe-bot
1242502853,snipebot
1244288830,api-docs
1244288830,api-documentation
1244288830,go
1244288830,golang
1244288830,openapi
1244288830,swagger
1244288830,swagger-ui
1244288830,tailwindcss
1244288830,vue3
1267078448,bash
1267078448,claude
1267078448,claude-code
1267078448,nerd-fonts
1267078448,powerlevel10k
1267078448,statusline
1267078448,terminal
1267078448,vibe-coding
1251886250,codex
1251886250,skills
1251886250,visio
1251886250,academic-figures
1251886250,scientific-figures
1251886250,editable-diagrams
1251886250,image-to-visio
1240732143,ai-agents
1240732143,ai-seo
1240732143,seo
1251527399,aeronautics-create
1251527399,aeronautics-create-mod
1251527399,aeronautics-minecraft
1251527399,aeronautics-mod
1251527399,allthemods-minecraft
1251527399,create-aeronautics
1251527399,create-aeronautics-mod
1251527399,create-mod
1251527399,minecraft
1251527399,minecraft-2026
1251527399,minecraft-aeronautics
1251527399,minecraft-create
1251527399,minecraft-create-aeronautics
1251527399,minecraft-gui
1251527399,minecraft-mod
1251527399,minecraft-modpack
1251527399,modded-minecraft
1251527399,neoforge
1251527399,progression-guide
1248439978,amd
1248439978,dlss
1248439978,fsr
1248439978,game
1248439978,intel
1248439978,nvidia
1248439978,optiscaler
1248439978,xess
1248439978,compration
1248439978,dlssenabler
1239358196,git-based-wiki
1239358196,karpathy
1239358196,knowledge-base
1239358196,llm-knowledge-base
1239358196,llm-pipeline
1239358196,llm-tools
1239358196,llm-wiki
1239358196,local-first-ai
1239358196,local-llm
1239358196,markdown-wiki
1239358196,obsidian
1239358196,obsidian-llm
1239358196,obsidian-wiki
1239358196,ollama
1239358196,personal-knowledge-management
1239358196,pkm
1239358196,rag-alternative
1239358196,rag-local
1239358196,second-brain
1239358196,self-hosted-wiki
1260643728,aim-crosshair
1260643728,apex-crosshair
1260643728,crosshair
1260643728,crosshair-for-any-game
1260643728,crosshair-generator
1260643728,crosshair-overlay
1260643728,crosshair-overlay-tool
1260643728,crosshair-settings
1260643728,crosshair-x
1260643728,crosshair-x-2025
1260643728,crosshair-x-2026
1260643728,crosshair-x-download
1260643728,crosshair-x-presets
1260643728,cs2-crosshair
1260643728,cs2-crosshair-generator
1260643728,fps-crosshair
1260643728,pc-crosshair-tool
1260643728,valorant-2026
1260643728,valorant-skin-preview
1260643728,valorant-utility
1262940334,ai-agents
1262940334,analytics
1262940334,claude-code
1262940334,context-engineering
1262940334,cursor
1262940334,data-engineering
1262940334,dbt
1262940334,llm
1262940334,mcp
1262940334,model-context-protocol
1261415943,game-tools
1261415943,gothic
1261415943,gothic-fiction
1261415943,gothic-remake
1261415943,gothic-remake-guide
1261415943,gothic-remake-lockbreaker
1261415943,gothic-remake-tool
1261415943,gothic1
1261415943,gothic2
1261415943,lock-solver
1261415943,modding-gothic
1261415943,gothic-lockpicking
1261415943,gothic-lockpicking-tool
1261415943,gothic-remake-lockpicking
1264017362,accesibility
1264017362,ai
1264017362,ai-agent
1264017362,ai-agents
1264017362,automation
1264017362,llm
1264017362,macos
1264017362,screenpipe
1264017362,typescript
1260210355,cache-cleaner
1260210355,cleanmgr
1260210355,disk-cleaner
1260210355,junk-cleaner
1260210355,startup-manager-windows
1260210355,windows-10-optimization
1260210355,windows-optimization-tool
1260210355,windows-optimization-utility
1260210355,windows-performance-improvement
1260210355,windows-tweaks
1260210355,windows-tweaks-pc
1251539207,claude-chat
1251539207,claude-code
1251539207,claude-code-
1251539207,claude-code-action
1251539207,claude-code-cli
1251539207,claude-code-prompts
1251539207,claude-code-source-code
1251539207,claude-code-workflow
1251539207,claude-design-download
1251539207,claude-design-free
1251539207,claude-desktop-app
1251539207,claude-free
1251539207,claude-mythos
1251539207,claude-pro
1251539207,claude-skills
1251539207,codex-cli
1251539207,claude-cli-install
1251539207,claude-code-cli-github
1251539207,claude-install
1251539207,cli-claude-code
1247720295,jenny
1247720295,jenny-mod
1247720295,jenny-mod-2026
1247720295,jenny-mod-minecraft-download
1247720295,jenny-mod-update
1247720295,jennymod
1247720295,jennymod-2026
1247720295,jennymod-minecraft
1247720295,minecraft-jenny-mod
1247720295,minecraft-jenny-mod-2026
1247720295,minecraft-mod
1247720295,minecraft-nsfw-mod
1247720295,minecraftjennymod
1247720295,minecraftjennymod-2026
1247720295,nsfw
1247720295,nsfw-forge-mod
1247720295,curseforge-jenny-mod
1247720295,jenny-mod-minecraft-video
1247720295,jenny-mod-video
1247720295,mod-de-jenny
1261454643,adaptive-triggers-pc
1261454643,ds4
1261454643,ds4-controller
1261454643,ds4-windows
1261454643,ds4windows-dualsense
1261454643,ds4windows-forza-horizon-6
1261454643,ds4windows-ps4
1261454643,ds4windows-ps5
1261454643,dsx
1261454643,dsx-steam
1261454643,dsx-windows
1261454643,dual-sense-on-pc
1261454643,dualsense
1261454643,dualsense-controller
1261454643,dualsense-pc-adaptive-triggers
1261454643,dualshock-4
1261454643,dualshock4
1261454643,ps3-controller
1261454643,ps5-controller
1261454643,ps5-dualsense
1244323702,ai-pentest
1244323702,vibe-pentest
1248329138,ocr
1248329138,onnx
1248329138,paddlepaddle
1248329138,transcription
1248329138,image2text
1248329138,screenshot
1246367892,chrome-extension
1246367892,markdown
1246367892,mv3
1246367892,publishing
1246367892,x-articles
1242434551,auto-register
1242434551,moemail
1242434551,python
1242434551,windsurf
1242434551,codeium-cascade
1239342938,emulator
1239342938,csharp
1239342938,linux
1239342938,malware-analysis
1239342938,reverse-engineering
1239342938,windows
1239342938,antivirus
1239342938,malware
1239342938,sandbox
1239342938,sandboxing
1239342938,drm
1239342938,binary-analysis
1239342938,cybersecurity
1239342938,security
1239342938,dotnet
1255644879,agents-md
1255644879,ai
1255644879,claude
1255644879,cli
1255644879,codex
1255644879,coding-agent
1255644879,copilot
1255644879,cursor
1255644879,developer-tools
1255644879,llm
1253573572,barcode
1253573572,camera
1253573572,code
1253573572,ean-13
1253573572,mlkit
1253573572,pdf
1253573572,qr
1253573572,qr-code
1253573572,react-native
1253573572,scan
1253573572,scanner
1253573572,visionkit
1250569639,b2b-contracts
1250569639,claude-skill
1250569639,contract-drafting
1250569639,legal-tech
1250569639,open-source
1250569639,polish-law
1250569639,gdpr-rodo
1250569639,it-contracts
1250569639,prawo-polskie
1250422671,academic-figures
1250422671,codex-skill
1250422671,office-vba
1250422671,openai-codex
1250422671,powerpoint
1250422671,ppt
1250422671,research-figures
1250422671,wps
1250422671,xiaobei
1250422671,image-to-vba
1250422671,office-shapes
1250422671,xiaobei-skill
1243397963,agent
1243397963,ai-agents
1243397963,ai-tools
1243397963,ide
1243397963,novel
1252944075,claude-code
1252944075,codex
1252944075,codex-cli
1252944075,deepseek
1252944075,fastmcp
1252944075,kimi
1252944075,llm
1252944075,mcp
1252944075,model-context-protocol
1252944075,multi-llm
1252944075,openai
1252944075,python
1252944075,qwen
1242027459,ai-assistant
1242027459,claude
1242027459,claude-code
1242027459,morning-brief
1242027459,personal-assistant
1242027459,productivity
1242027459,second-brain
1242027459,poha
1244960155,ai-agents
1244960155,embeddings
1244960155,lancedb
1244960155,memory
1244960155,openclaw
1244960155,rag
1244960155,sqlite
1244960155,typescript
1260186676,agent-evaluation
1260186676,agent-traces
1260186676,agent-workflows
1260186676,ai-agents
1260186676,llm-agents
1260186676,post-training
1260186676,process-supervision
1260186676,reinforcement-learning
1260186676,tool-use
1260186676,trajectory-data
1256747268,auto-labeling
1256747268,computer-vision
1256747268,data-annotation
1256747268,deep-learning
1256747268,fastapi
1256747268,locate-anything
1256747268,machine-learning
1256747268,nvidia
1256747268,object-detection
1256747268,pytorch
1256747268,react
1256747268,video-annotation
1256747268,vlm
1256747268,yolo
1256747268,yolo-training
1256747268,ultralytics
1247885645,clinical-decision-support
1247885645,dart
1247885645,digital-health
1247885645,flutter
1247885645,health-education
1247885645,local-first
1247885645,mhealth
1247885645,open-source
1247885645,parkinsons-disease
1247885645,parkinsons
1247885645,neurodegenerative-diseases
1247885645,medical
1247885645,firebase
1247885645,diet-tracking
1247885645,medication-management
1247885645,education
1247885645,nutrition
1253854641,ai-agents
1253854641,codex
1253854641,macos
1253854641,skills
1253854641,swiftui
1252738360,battleye
1252738360,c-plus-plus
1252738360,dll-injection
1252738360,driver
1252738360,eac
1252738360,gaming
1252738360,hardware-id
1252738360,kernel
1252738360,memory-editing
1252738360,reverse-engineering
1252738360,security
1252738360,spoofing
1252738360,system-tools
1252738360,windows
1240927334,omarchy
1254373994,agent-skills
1254373994,ai-agents
1254373994,claude-code
1254373994,codex
1254373994,cursor
1254373994,equity-research
1254373994,etf
1254373994,financial-data
1254373994,investment-research
1254373994,llm
1254373994,llm-tools
1254373994,macroeconomics
1254373994,mcp
1254373994,model-context-protocol
1254373994,open-source
1254373994,options-trading
1254373994,portfolio-management
1254373994,quantitative-finance
1254373994,risk-management
1242202267,npm
1242202267,opencode
1242202267,opencode-plugin
1242202267,software
1242202267,cache
1242202267,hit
1242202267,sidebar
1242202267,token
1240308067,comfyui
1240308067,comfyui-node
1240308067,diffusion-models
1240308067,distributed-inference
1240308067,flux
1240308067,flux2
1240308067,image-generation
1240308067,ltx-video
1240308067,multi-gpu
1240308067,nvenc
1240308067,pipeline-parallelism
1240308067,pytorch
1240308067,video-generation
1259343890,bitcoin-private-key-finder
1259343890,bitcoin-wallet-phrase-generator
1259343890,ethereum-bruteforce
1259343890,ethereum-seed-finder-installer
1259343890,ethereum-seed-key-finder
1259343890,ethereum-tools
1259343890,finder-bitcoin
1259343890,lost-bitcoin-wallet
1259343890,lost-bitcoins-wallet
1259343890,mnemonic-passwords
1259343890,mnemonic-seed
1259343890,mnemonics-generator
1259343890,seed-phrases-finder
1259343890,seed-phrases-generate
1259343890,seed-phrases-generator
1259343890,seed-recovery-tool
1259343890,seedphrase-checker
1259343890,wallets-finder
1247095976,ios
1247095976,llm
1247095976,markdown
1247095976,streaming
1247095976,swift
1247095976,swift-package-manager
1247095976,swiftui
1247095976,ai
1247095976,ai-agent
1245922781,cslol
1245922781,cslol-go
1245922781,cslol-manager
1245922781,custom-skins
1245922781,league
1245922781,leagueoflegends
1245922781,leauge-of-legends
1245922781,lol
1245922781,lol-auto
1245922781,lol-mobile
1245922781,lol-skin-manager
1245922781,lol-skins
1245922781,mod
1245922781,mod-manager
1245922781,modding-games
1245922781,upload-custom-skins
1245797515,ai-agent
1245797515,ai-skill
1245797515,ambient-display
1245797515,claude-code
1245797515,codex
1245797515,dashboard
1245797515,e-ink
1245797515,esp32
1245797515,m5paper
1245797515,secondary-display
1245797515,skill
1245797515,skills
1245797515,desk-card
1245797515,glanceable-display
1245227535,anthropic
1245227535,apple-music
1245227535,claude-code
1245227535,cli
1245227535,karaoke
1245227535,llm
1245227535,lofi
1245227535,lyrics
1245227535,macos
1245227535,mcp
1245227535,music-player
1245227535,python
1245227535,statusline
1245227535,terminal
1245227535,tui
1257914186,bm25
1257914186,c-li
1257914186,call-graph
1257914186,claude-code
1257914186,cli
1257914186,code-analysis
1257914186,code-intelligence
1257914186,cross-encoder
1257914186,embedding
1257914186,hybrid-search
1257914186,lancedb
1257914186,mcp
1257914186,q-wen
1257914186,qwen
1257914186,reranker
1257914186,rust
1257914186,semantic-search
1257914186,tree-sitter
1264692184,ai
1264692184,apple-silicon
1264692184,coreai
1264692184,gemma4
1264692184,granite
1264692184,ios
1264692184,iphone
1264692184,lfm
1264692184,llm
1264692184,local-llm
1264692184,macos
1264692184,qwen
1264692184,coreml
1264692184,minicpm
1241511155,agent-skills
1241511155,ai-learning
1241511155,claude-code
1241511155,codex
1241511155,education
1241511155,learning-assistant
1241511155,llm
1241511155,mastery-learning
1241511155,opencode
1241511155,project-based-learning
1241511155,prompt-engineering
1241511155,study-planner
1251560989,download-lunar-client
1251560989,hack-client
1251560989,lunar-api
1251560989,lunar-apollo
1251560989,lunar-client
1251560989,lunar-client-minecraft
1251560989,lunarclient
1251560989,minecraft
1251560989,minecraft-client
1251560989,minecraft-client-mod
1251560989,minecraft-launcher
1251560989,minecraft-launcher-library
1251560989,minecraft-lunar-client
1251560989,minecraft-mod
1251560989,minecraft-optimizer
1251560989,lunar-client-mod
1268405871,apple-vision
1268405871,cli
1268405871,command-line-tool
1268405871,image-to-text
1268405871,macos
1268405871,nodejs
1268405871,ocr
1268405871,pdf
1268405871,searchable-pdf
1268405871,swift
1268405871,text-recognition
1268405871,vision-framework
